,,green ,red ,to yawn ,leg/foot ,head ,new ,thick ,warm ,you ,he/she ,they ,fat/grease ,rain ,to walk ,that ,to say ,house ,to breathe ,"to live, be alive ",stone ,"painful, sick ",when? ,Five ,lightening ,dog ,above ,to plant ,thin ,to shoot ,sea ,branch ,to choose ,tail ,big ,to fear ,to fall ,husband ,man/male ,heavy ,to think ,to swim ,woman/female ,mosquito ,to buy ,"to sniff, smell ",to scratch ,to hide ,wind ,to count ,shoulder ,to bite ,thunder ,to chew ,to hunt ,skin ,dry ,yellow ,to hear ,dirty ,liver ,fog ,"to cut, hack ",sharp ,to eat ,grass ,rotten ,mouth ,neck ,cloud ,spider ,to come ,black ,hair ,smoke ,Nine ,Fifty ,child ,this ,to kill ,fish ,to split ,"to stab, pierce ",cold ,salt ,below ,tongue ,"to die, be dead ",to squeeze ,louse ,"to know, be knowledgeable ",white ,to suck ,sand ,to sit ,back ,narrow ,One Thousand ,to grow ,sky ,"to pound, beat ",to stand ,egg ,blood ,small ,near ,father ,moon ,earth/soil ,wife ,hand,at ,and ,how? ,Ten ,far ,where? ,year ,what? ,who? ,to fly ,bird ,"no, not ","in, inside ",long ,to flow ,to cry ,to hit ,to throw ,Seven ,name ,rope ,thou ,at ,meat/flesh ,Twenty ,"dull, blunt ",to sew ,to steal ,wet ,root ,rat ,to sleep ,to lie down ,to climb ,to drink ,leaf ,tooth ,ash ,to spit ,to vomit ,"shy, ashamed ",to work ,flower ,nose ,feather ,wing ,mother ,woods/forest ,belly ,intestines ,needle ,fire ,left ,person/human being ,One ,One Hundred ,"to open, uncover ",day ,wide ,to blow ,thatch/roof ,to swell ,Two ,old ,snake ,stick/wood ,other ,dust ,star ,bone ,to dig ,"correct, true ",to turn ,fruit ,right ,short ,water ,lake ,road/path ,Three ,ear ,worm (earthworm) ,to see ,all ,"to tie up, fasten ",Six ,breast ,eye ,if ,to hold ,to burn ,Eight ,to dream ,good ,Four ,night ,to cook ,I ,we ,to laugh ,"bad, evil "
Eastern Japanese,Hokkaido,aoi,akai,akubi,aʃi,atama,ataraʃiː,?,aQtakai,anata,anoçito,anoçitotatʃi,abura,ame,aruku,are,juː,ie,iki-,ikiru,iʃi,itamu,itsu,itsutsu,inabikari,inu,uje,ueru,usui,utsu,umi,eda,?,o,oːkiː,?,otʃiru,oQto,otoko,omoi,omou,ojogu,oɴna,ka,kau,kaŋu,kaku,kakusu,kadze,kadzoeru,kata,kamitsuku,kaminari,kamu,kari,kawa,kawaku,kiːro,kiku,kitanai,?,kiri,kiru,?,kuː,kusa,kusaru,kutʃi,kubi,kumo,kumo,kuru,kuroi,ke,kemuri,kokonotsu,?,kodomo,kore,korosu,sakana,sakeru,sasu,ʃibareru,ʃio,ʃita,bero,ʃinu,?,ʃirami,ʃiru,ʃiroi,suː,suna,suwaru,senaka,semai,?,sodateru,sora,tataku,tatsu,tamaŋo,tʃi,tʃiːsai,tʃikai,tʃitʃi,tsuki,tsuʃi,tsuma,te,de,?,doː,toː,toːi,doko,toʃi,dono,donoçito,tobu,tori,nai,naka,naŋai,?,naku,naŋuru,naŋeru,nanatsu,namae,nawa,?,ni,niku,?,nibui,nuː,nusumu,nureru,ne,nedzumi,nemuru,neru,noboru,nomu,ha,ha,aku,haku,haku,hadzukaʃiː,kasegu,hana,hana,umoː,hane,haha,hajaʃi,onaka,harawata,hari,çi,çidari,çito,çitotsu,?,çiraku,çiru,çiroi,Fuku,Fugu,hareru,Futatsu,Furui,hebi,boː,hoka,hokori,hoʃi,hone,horu,hoɴtoː,maŋaru,mi,miŋi,midʒikai,midzu,?,mitʃi,miQtsu,mimi,mimidzu,miru,miɴna,musubu,muQtsu,mune,me,?,motsu,jaku,jaQtsu,?,joi,joQtsu,joru,rjoːri,wataʃi,wataʃidomo,wawarau,warui
Eastern Japanese,Aomori,aoe,agɛ,aguNbi,asu,adama,atarasu,?,aQtagɛ,omɛ,anoFuto,anoFutodadzu,aNbura,ame,arigu,ae,heru,e,igi-,egiru,esu,edamu,idzu,edzuQtsu,enaNdzuma,enu,ue,ueru,usue,udzu,umi,eNda,?,oQpa,oQki,?,odzuru,dada,odoko,modɛomodɛ,omoru,ojogu,onaŋo,joŋa,karu,kamaru,kagu,kagusu,kaNdze,kaNdʒoeru,kada,kuQtsugu,rɛsama,?,?,kawa,kawagu,kiːro,kigu,kitanɛ,?,moja,kiru,?,ku,kusa,kusaru,kudzu,kuNpita,kumo,kuNbo,kuru,kure,ke,kemu,kogonoQtsu,?,warasu,koe,korosu,sakana,sageru,sasu,suNbareru,suo,suta,suta,sunu,?,surame,oNberu,sure,suru,suna,nemaru,henaga,semɛ,?,ogasu,sora,tadagu,tadzu,tamaŋo,tʃi,tsuQtʃea,tsukɛ,dada,tsuki,tsudzu,kaga,te,de,?,doː,to,toːe,dogo,tosu,dono,donoFuto,toNbu,tori,nɛ,naga,naŋɛ,?,nagu,tataku,naŋeru,nanaQtsu,namɛː,goNnoba,?,sa,nigu,?,niNbue,nuru,nusumu,nureru,ne,neNdzumi,neru,neru,noNboru,nomu,ha,ha,agu,suru,hagu,ʃosu,kasegu,hana,hana,ke,hane,aQpa,jama,hara,harawata,hari,su,çiNdari,suto,sutoQtsu,?,ageru,suruma,sure,Fugu,Fugu,hareru,FutaQtsu,Furusu,heNbi,boː,hoga,hogori,hosu,hone,horu,hoNto,maŋaru,?,miŋi,mitsukɛ,miNdzu,?,kɛɴdo,miQtsu,mimi,memeNdzu,miru,miNna,musuNbu,muQtsu,mune,anagu,?,modzu,jagu,jaQtsu,?,e,joQtsu,baNŋe,rjoːri,wa,waNdo,wararu,wari
Eastern Japanese,Iwate,ae,agɛ,agubi,asu,adama,adarasu,?,aQtagɛ,omɛ,anoçito,anoçidadzu,aNbura,ame,arugu,are,juː,e,egi-,egiru,esu,edamu,edzu,edzuQtsu,enaNbikari,enu,ue,ueru,usu,udzu,umi,eNda,?,oQpa,oQki,?,odzuru,oQto,odogo,omodɛ,omou,ojogu,onaŋo,ka,kau,kaŋu,kagu,kagusu,kaNdze,kaNjeru,kada,kuQtʃagaru,rɛsaN,kamu,kari,kawa,kawagu,ukoNero,kigu,kiQtanɛ,?,moja,kiru,?,ku,kusa,kusaru,kudzu,kubi,kumo,kumo,kuru,kure,ke,kemuri,kogonoQtsu,?,warasu,kore,korosu,sakana,sageru,sasu,suNbareru,suo,suta,suda,sunu,?,surame,oNberu,sure,suː,suna,nemaru,senaga,semɛ,?,oŋasu,sora,hadagu,tadzu,tamaŋo,tsu,pɛQko,tsukɛ,odosaN,tsugi,tsudzu,tsuma,te,de,?,doː,to,toːe,dogo,tosu,dono,donoçito,toNbu,tori,nɛ,naga,naŋɛ,?,nagu,hadagu,naŋeru,nanaQtʃi,namɛ,nawa,?,sa,nigu,?,niNbu,nuː,nusumu,nureru,neQko,neNdzumi,neru,neru,noNboru,nomu,haQpa,ha,agu,hagu,hagu,ʃosu,hadaragu,hana,hana,hane,hane,ogasaN,hajasu,hara,harawada,hari,çi,çiNdari,çito,çitoQtsu,?,çiragu,çiru,çire,Fugu,Fugu,hareru,FutaQtsu,Furu,çeNbi,boQki,hoga,hogori,ohosusama,hone,horu,hoNto,maŋaru,mi,miŋi,midzukɛ,miNdzu,?,midzu,miQtsu,mimi,mimiNdzu,miru,miNna,musubu,muQtsu,mune,anagu,?,modzu,jagu,jaQtsu,?,e,joQtsu,joma,rjoːri,ora,oredadzu,warau,waru
Eastern Japanese,Miyagi,aoe,agɛː,agubi,asu,adama,atarasuː,?,aQtagɛː,?,aedzu,?,aNbura,ame,arugu,aedzu,ʃaNberu,eː,egi-,egiru,esu,?,edzu,edzudzu,enabikari,enu,ue,ueru,usue,udzu,umi,eNda,?,suQpo,oQkiː,?,odzuru,gote,odogo,omodɛ,omou,ojogu,onaŋo,ka,kau,kaŋu,kagu,kagusu,kaNje,kaNdzoeru,kada,?,orɛsama,kamu,rjoː,kawa,kawagu,kiːro,kigu,kidanɛ,?,kiri,kidzamu,?,kuː,kusa,kusaru,kutsu,kuNpita,kumo,kumo,?,kuroe,ke,kemuri,kogonodzu,?,warasu,koedzu,korosu,sagana,?,sasu,subareru,suo,suta,bero,?,?,surame,suru,Qʃoe,suː,suna,nemaru,ʃenaga,semɛ,?,oŋasu,sora,hadagu,tadzu,tamaŋo,tsuː,tsaQkoe,tsukae,oQtʃaɴ,tsugi,tsudzu,gaga,te,de,?,doː,toː,toːe,dogo,tosu,dono,donoçito,toNbu,tori,nɛ,maɴnaga,naŋɛː,?,nagu,hadagu,naŋeru,nanaQtʃi,namɛː,nawa,?,?,niku,?,?,nuː,nusumi,nureru,neQko,nedzumi,nemuru,neru,noNboru,nomu,haQpa,ha,agu,hagu,hagu,oʃosue,kaʃeŋu,hana,hana,hane,hane,ogaQtʃaɴ,hajasu,hara,harawada,hari,çi,çiNdari,çito,çitotsu,?,aŋeru,çiru,çiroe,Fugu,Fugu,hareru,Futatsu,Furue,hebi,boː,hogano,hogori,ohosusama,hone,horu,hoɴto,maŋaru,mi,miŋi,mitsukɛ,miNdzu,?,doːro,miQtsu,mimi,mimiNdzu,miru,miɴna,musuNbu,muQtsu,mune,anagu,?,taŋagu,jagu,jaQtsu,jumemiru,eː,joQtsu,joma,rjoːri,wadasu,wadasudatsu,warau,warue
Eastern Japanese,Akita,aoe,agɛ,aguNbi,asu,adama,ataraʃi,?,nugue,ɴmɛ,anoFuto,anoFutodadʒi,aNbura,ame,arigu,are,ju,e,egi-,egiru,eʃi,jamu,edʒi,edʒiQtʃi,enaNdʒima,enu,ue,ueru,uʃie,udʒi,umi,eNda,?,ʃiQpo,oQki,?,odʒiru,odo,odoko,obodɛ,omou,ojoŋu,onaŋo,joŋa,kau,kamu,kagu,kaguʃi,kaNje,kaNjeru,kada,kamidʒigu,rɛsaN,?,teQpoudʒi,kawa,kawagu,kiːro,kigu,kitanɛ,?,moja,hajaʃi,?,ku,kusa,kusaru,kudʒi,kuNbi,kumo,kuNbo,kuru,kure,ke,kemuri,kogonoQtʃi,?,waraʃi,kore,koroʃi,sagana,sageru,saʃi,samue,ʃo,ʃita,ʃita,ʃinu,?,ʃirami,oNberu,ʃire,ʃi,ʃina,nemaru,henaga,hemɛ,?,soNdateru,sora,tadagu,tadʒi,tamaŋo,tʃi,tʃiQtʃɛ,tʃikɛ,odo,tʃiki,tʃidʒi,oga,te,de,?,doː,to,toːe,dogo,toʃi,dono,donoFutp,toNbu,tori,nɛ,naga,naŋɛ,?,nagu,buQtadagu,naŋeru,nanaQtʃi,namae,nawa,?,sa,nigu,?,niNbue,nu,nuʃimu,joŋoreru,ne,neNdʒimi,neru,neru,noNboru,nomu,fa,ha,agu,ʃiru,hagu,ʃoʃi,hadaragu,hana,hana,ke,hane,aba,hajaʃi,hara,harawada,hari,ʃu,ʃiNdari,Futo,ʃitoQtʃi,?,ʃiragu,ʃiruma,ʃire,Fugu,Fuku,hareru,FutaQtʃi,Furuʃi,FeNbi,bo,hoga,gomi,hoʃi,hone,horu,hoNto,maŋaru,mi,miŋi,miNdʒigɛ,miNdʒi,?,midʒi,miQtʃi,mimi,mimiNdʒi,miru,miNna,muʃiNbu,muQtʃi,mune,anagu,?,modʒi,jagu,jaQtʃi,?,e,joQtʃi,joma,goQtso,ore,oreadadʒi,warau,wari
Eastern Japanese,Yamagata,aoe,agɛ,akubi,asu,adama,aQdaraʃie,?,aQtako,anada,aedʒi,?,aNbura,ame,arigu,are,ʃaberu,je,egi-,egiru,eʃi,?,edʒi,itʃitʃi,enaNbikari,enu,ue,ueru,uQʃi,budʒi,umi,eNda,?,oQpa,oQki,?,odʒiru,ojadʒi,odogo,obodɛː,omou,midʒiaburu,onaŋo,kaː,kau,kaŋu,kagu,kaguʃi,kaNdze,kaNjeru,kada,?,kaminari,kamu,?,kawa,Firu,ukoN,kiku,biʃo,?,kirisame,hajaʃi,?,kuː,kusa,kusaru,kutʃi,kuNbi,kumo,kuNbo,kuru,kuroe,ke,kemuri,kogonotʃi,?,kokoçira,kore,koroʃi,sagana,?,saʃi,saNbu,ʃo,ʃita,ʃita,ʃinu,?,ʃirami,oberu,ʃiroe,su,ʃina,nemaru,henaga,çiNbe,?,adʒikau,sora,tadagu,tadʒi,tamaŋo,tʃiː,tʃiQtʃa,tʃiQkɛː,dada,tʃigi,tʃidʒi,kaga,te,Nde,?,doː,toː,toQgu,doko,toʃi,dono,doedʒi,toNbu,tori,nɛ,naQka,naNŋɛ,?,nagu,naŋuru,naŋeru,nanatʃi,namɛ,nawa,?,sa,nigu,?,nibɛ,nuː,nuʃimu,joŋoreru,neQko,neNdʒimi,neburu,jogorobu,noNboru,nomu,fa,ha,agu,hagu,hagu,haNdʒikaʃiː,kaʃegu,hana,hana,hane,hane,gaga,hajaʃi,hara,harawada,hari,Fi,çiNdari,çito,çitotʃi,?,ageru,çiroma,Fiːre,Fugu,Fuku,hareru,FutaQtʃi,Furue,FeNbi,boː,hogano,hogori,hoʃi,hone,horu,hoNto,maŋaru,miː,miŋi,miNdʒikɛ,miNdʒi,?,midʒi,miQtʃi,mimi,memeNdʒi,miru,miNna,muʃiNbu,muQtʃi,mune,anagu,?,taŋagu,jagu,jaQtʃi,jumemiru,eː,joQtʃi,joNma,goQtso,ore,wadaʃida,waraː,wari
Eastern Japanese,Fukushima,aoi,agɛ,agubi,asu,adama,adaraʃiː,?,aQtage,omesaɴ,anoʃito,anoʃitodatʃi,abura,ame,aruku,are,ju,dʒe,igi-,igiru,iʃi,idamu,idzu,itsutsu,inabikari,inu,ue,ueru,usui,budzu,umi,eda,?,ʃiQpo,dzuɴnɛ,?,odʒiru,oQto,odogo,omoi,omou,midzuabiʃiru,oɴna,ka,kau,kaŋu,kagu,kagusu,kadze,kaɴjoːʃiru,kada,kuitsuku,raisama,kamu,teQpoːbudʒi,kawa,kwagu,kjuːro,kigu,kiQtanɛ,?,kiri,kiru,?,kuː,kusa,kusaru,kudʒi,kubi,kumo,kumo,kuru,maQkureː,ke,kemuri,kokonotsu,?,waraʃi,kore,korosu,sagana,?,buQtsasu,sameː,ʃio,ʃita,bero,ʃinu,?,ʃirami,ʃiru,maQʃiro,suː,suna,suwaru,ʃenaga,semɛ,?,jasunau,sora,buQpadagu,tatʃi,tamaŋo,tʃi,tʃiQtʃɛ,tʃikɛ,odoQtsa,tsuki,tsuʃi,tsuma,te,de,?,doː,toː,toːi,doko,toʃi,dono,donoʃito,tobu,tori,nai,naka,naŋɛ,?,nagu,ʃiQpataku,naŋeru,nanatsu,namae,nawa,?,sa,nigu,?,toreː,nuː,nusumu,nureru,neQko,neNdʒumi,nemuru,neru,noboru,nomu,haQpa,ha,agu,hagu,hagu,kɛːbuɴŋawariː,kaseŋu,hana,hana,keː,hane,oQkaː,hajaʃi,hara,harawada,hari,çi,çidari,ʃito,çitotsu,?,ageru,oçiru,çiroi,?,Fuku,hareru,Futatsu,Furui,hebi,boː,betsu,hogori,hoʃi,hone,horu,hoɴto,maŋaru,mi,miŋi,midʒigɛ,midzu,?,mitʃi,miQtsu,mimi,mimidzu,miru,miɴna,musubu,muQtsu,mune,me,?,modzu,jagu,jaQtsu,?,iː,joQtsu,joru,rjoːri,ore,oredatʃi,waraː,warui
Eastern Japanese,Ibaraki,aoe,akae,akubi,aʃi,atama,adaraʃie,?,aQtagɛː,anata,anoçito,?,abura,ame,aruku,are,juː,e,eki-,ekiru,eʃi,?,edzu,etsutsu,endzuma,enu,ue,uweru,usue,butsu,umi,eda,?,ʃiriQpo,ekae,?,odʒiru,odoQtʃaɴ,otoko,omoe,omoː,midzuabisuru,oɴna,kaɴme,kau,kamu,kaku,kakusu,kadze,kaɴjoːsuru,kata,?,raesama,kamu,kari,kawa,çiru,kiːro,kiku,kitane,?,moja,kiru,?,kuː,kusa,kusaru,kutʃi,kubi,kumo,kumome,kuru,kuroe,ke,kemuri,kokonotsu,?,kodomo,kore,korosu,sakana,?,sasu,samue,ʃio,ʃita,bero,ʃinu,?,ʃirami,ʃiru,ʃiroe,suː,suna,suwaru,ʃenaga,semae,?,sodaderu,sora,hadaku,tatsu,tamaŋo,tʃi,tʃiQkoe,tʃikae,oQtʃaɴ,otsukisama,tsuʃi,kakaː,te,de,?,doː,toː,toːe,doko,toʃi,dono,donoçito,tobu,tori,nae,naka,naŋae,?,naku,butsu,buɴnaŋeru,nanatsu,namae,nawa,?,sa,niku,?,nibue,nuː,nusumu,nureru,neQko,nedzumi,neru,nemuru,noboru,nomu,haooa,ha,hae,hagu,haku,hatsukaʃe,hadaragu,hana,hana,hane,hane,?,jama,hara,harawada,hari,çi,çidari,çito,çitotsu,?,çiraku,çiruma,çiroe,Fuku,Fugu,hareru,Futatsu,Furue,hebi,boː,betsuna,hokori,ohoQsama,hone,horu,hoɴtoː,maŋaru,mi,miŋi,mitʃikae,midzu,?,mitʃi,miQtsu,mimi,memedzume,miru,miɴna,musubu,muQtsu,mune,me,?,motsu,jagu,jaQtsu,jumemiru,eː,joQtsu,joru,rjoːri,ore,oretatʃi,waraː,warue
Eastern Japanese,Tochigi,aoi,agai,agubi,aʃi,atama,ataraʃiː,?,aQtagai,aɴta,anoçito,?,abura,ame,aruku,are,ɲuː,utʃi,iki-,ikiru,iʃi,?,itsu,itsutsu,oçikari,inu,ue,ueru,usui,utsu,umi,eda,?,o,oːkiː,?,otʃiru,toːtʃaɴ,otoko,omoi,omoː,midzuabisuru,oɴna,ka,kau,kamu,kaku,kakusu,kadze,kadzoeru,kada,?,raisama,kamu,rjoː,kawa,kawagu,kiːro,kiku,kitanai,?,kiri,kiru,?,kuː,kusa,kusaru,kutʃi,kubi,kumo,kumo,kuru,kuroi,ke,kemuri,kokonotsu,?,kodomo,kore,korosu,sagana,?,sasu,samui,ʃio,ʃita,bero,ʃinu,?,ʃirami,ʃiru,ʃiroi,suː,suna,suwaru,senaka,semai,?,sodaderu,sora,hadagu,tadzu,tamaŋo,tʃiː,tʃiːsai,tʃikai,toːtʃaɴ,otsukisaɴ,tsuʃi,kaːtʃaɴ,te,de,?,doː,toː,toːi,dogo,toʃi,dono,?,tobu,tori,neː,naga,naŋai,?,nagu,hadagu,naŋeru,nanatsu,name,nawa,?,ni,nigu,?,toroi,nuː,nusuQtosuru,nureru,ne,nedzumi,nemuru,neru,noboru,nomu,ha,ha,hai,hagu,hagu,hadzugaʃiː,hataragu,hana,hana,hane,hane,kaːtʃaɴ,hajaʃi,hara,harawada,hari,çiː,çidari,çito,çitotsu,?,çiragu,oçiru,çiroi,Fuku,Fuku,hareru,FutaQtsu,Furui,hebi,boː,hogano,hogori,hoʃi,hone,horu,hoɴto,maŋaru,mi,miŋi,mitʃikai,midzu,?,midʒi,miQtsu,mimi,mimidzu,miru,mina,musubu,muQtsu,mune,me,?,modzu,jagu,jaQtsu,jumeomiru,iː,joQtsu,joru,rjoːri,wataʃi,wataʃira,waraː,warui
Eastern Japanese,Gunma,aoi,akai,akubi,aʃi,atama,ataraʃiː,?,aQtakeː,omeː,anoʃito,?,abura,ame,arugu,are,ɲuː,ie,iki-,ikiru,iʃi,jameru,itsu,itsutsu,inadzuma,inu,ue,ueru,usui,butsu,umi,eda,?,ʃiQpo,deQkai,?,otʃiru,tsureai,otoko,omoteː,omoː,ojogu,oɴna,ka,kau,kagu,kaku,kakusu,kadze,kaɴjoːsuru,kata,?,kaminari,kamu,rjoː,kawa,kawaku,kiːro,kiku,kitaneː,?,kiri,kiru,?,kuː,kusa,kusaru,kutʃi,kubi,kumo,kumo,kuru,kuroi,ke,kemuri,kokonotsu,?,kodomo,kore,korosu,sakana,jabukeru,sasu,samiː,ʃio,ʃita,bero,ʃinu,?,ʃirami,ʃiru,ʃiroi,suː,suna,suwaru,senaka,semai,?,sodateru,sora,tataku,tatsu,tamago,tʃi,tʃiQtʃai,tʃikai,otoQtsaɴ,tsuki,tsuʃi,ɲoːbo,te,de,?,doː,toː,towai,doko,toʃi,dono,donoʃito,tobu,tori,nai,naka,nagai,?,naku,naguru,nageru,nanatsu,namae,nawa,?,ni,niku,?,nibui,nuː,nusumu,nureru,neQko,nedzumi,neburu,neru,noboru,nomu,haQpa,ha,hai,haku,haku,hadzukaʃiː,kasegu,hana,hana,hane,hane,oQkasaɴ,hajaʃi,hara,wata,hari,çi,çidari,ʃito,çitotsu,?,çiraku,çiru,çiroi,Fuku,Fuku,hareru,FutaQtsu,Furui,hebi,boː,hokano,hokori,hoʃi,hone,horu,hoɴto,magaru,mi,migi,midʒikai,midzu,?,mitʃi,miQtsu,mimi,memedzu,miru,miɴna,musubu,muQtsu,mune,anako,?,motsu,jagu,jaQtsu,jumeomiru,iː,joQtsu,joru,rjoːri,wataʃi,wataʃitatʃi,warau,warui
Eastern Japanese,Saitama,aoe,akeː,akubi,aʃi,atama,ataraʃiː,?,aQtakeː,?,anoʃito,?,abura,ame,aruku,are,juː,utʃi,iki-,ikiru,iʃi,itamu,itsu,itsutsu,inabikari,inu,ue,ueru,usue,butsu,umi,eda,?,çiQpo,dQkɛ,?,otʃiru,tsureai,otoko,omoteː,omoː,ojogu,oɴna,ka,kau,kaku,kaku,kakusu,kadze,kaɴjoːsuru,kata,?,raisama,kamu,teQpoːbudʒi,kawa,kawaku,kiːro,kiku,kitaneː,?,kiri,kiru,?,kuː,kusa,kusaru,kutʃi,kubi,kumo,kumo,kuru,kuroi,ke,kebu,kokonotsu,?,kodomo,kore,korosu,sakana,biQtsabakeru,sasu,samiː,ʃoː,ʃita,bero,ʃinu,?,ʃirami,ʃiru,ʃire,suː,suna,suwaru,senaka,semeː,?,sodateru,sora,tataku,tatsu,tamago,tʃi,tʃiQtʃeː,tʃikeː,otoQtsaɴ,otsukisama,tsuʃi,oQka,te,de,?,doː,toː,toːi,doko,toʃi,dono,donoʃito,tobu,tori,neː,naka,nageː,?,naku,buɴnaguru,nageru,nanatsu,nameː,nawa,?,e,niku,?,nibui,nuː,toru,nureru,neQko,nedzumi,neburu,neru,noboru,nomu,haQpa,ha,hai,haku,haku,hadzukaʃiː,kasegu,hana,hana,tojasu,hane,oQkajaɴ,hajaʃi,hara,harawata,hari,çi,çidari,ʃito,ʃitotsu,?,çiraku,çiru,Fireː,Fuku,Fuku,hareru,Futatsu,Furui,hebi,boː,hokano,hokori,hoʃi,hone,horu,hoɴto,magaru,mi,migi,midʒikeː,midzu,?,mitʃi,miQtsu,mimi,memedzu,miru,miɴa,musubu,muQtsu,mune,anako,?,motsu,jaku,jaQtsu,jume,iː,joQtsu,baɴge,nimonoːsuru,waʃi,waʃira,warau,warue
Eastern Japanese,Chiba,awɛ,akɛː,akubi,aʃi,atama,ataraʃiː,?,aQtsuː,aɴta,anoçito,?,abura,ame,arugu,are,juː,utʃi,iki-,igiru,iʃi,?,itsu,itsutsu,inabikari,inu,waQka,ueru,usuː,utsu,umi,eda,?,oQpo,oQkiː,?,otʃiru,daɴna,otoː,ɴtɛː,omou,ojugu,oɴna,ka,kau,kamu,kau,kaosu,kade,kaɴjoː,kata,?,kaminari,kamu,teQpobudʒi,kawa,kaːku,kiːro,kiku,kitanɛː,?,kiri,kiru,?,kuː,kusa,kusaru,kutʃi,kubi,kumo,kumo,kuru,kureː,ke,kebu,kokonotsu,?,kodomo,kore,korosu,sakana,?,sasu,sabiː,ʃio,ʃita,ʃita,ʃinu,?,ʃirami,ʃiru,ʃireː,suː,suna,suwaru,senaka,sebɛː,?,sodateru,sora,çiQpadaku,tatsu,tamago,tʃi,tʃiːsɛː,tʃikɛː,otoQtsaɴ,otsukisama,tsuʃi,ɲoːbo,te,de,?,doː,toː,toːkiː,doː,toʃi,dono,doɴçito,tobu,tori,nɛː,naka,nagɛː,?,naku,buɴnaguru,nageru,nanatsu,namɛː,nawa,?,ɴ,niku,?,nibiː,nuː,nusumu,nureru,neboQka,nedzumi,neburu,neru,noboru,nomu,ha,ha,hɛː,haku,hau,hadzukaʃiː,hadaragu,hana,hana,hane,hane,kaQka,jama,hara,çakuçiro,hari,çi,çidari,çito,çitotsu,?,akeru,çiru,çireː,Fuː,?,hareru,FutaQtsu,Furiː,hebi,boː,hokaɴ,hokori,hoʃi,hone,horu,hoɴtoː,magaru,mi,migiri,mitʃikɛː,midzu,?,mitʃi,miQtsu,mimi,mimidzu,miru,miɴa,ʃibaru,muːtsu,mune,medama,?,motsu,jaku,jaːtsu,jumeomiru,iː,joːtsu,joru,goQtsoː,wataʃi,wataʃidomo,warau,wariː
Eastern Japanese,Tokyo,aoi,akai,akubi,aʃi,atama,ataraʃiː,?,atatakai,anatasama,anoçito,anoçitotatʃi,abura,ame,arugu,are,juː,ie,iki-,ikiru,iʃi,itamu,itsu,itsutsu,inadzuma,inu,ue,ueru,usui,utsu,umi,eda,?,ʃiQpo,oːkiː,?,otʃiru,oQto,otoko,omoi,omoː,ojogu,oɴna,ka,kau,kaŋu,kaku,kagusu,kadze,kadzoeru,kata,kamitsuku,kaminari,kamu,kari,kawa,kawaku,kiːro,kiku,kitanai,?,kiri,kiru,?,kuː,kusa,kusaru,kutʃi,kubi,kumo,kumo,kuru,kuroi,ke,kemuri,kokonotsu,?,kodomo,kore,korosu,sakana,sakeru,sasu,samui,ʃio,ʃita,ʃita,ʃinu,?,ʃirami,ʃiru,ʃiroi,suː,suna,suwaru,senaka,semai,?,sodateru,sora,tataku,tatsu,tamago,tʃi,tʃiːsai,tʃikai,tʃitʃi,tsuki,tsuʃi,tsuma,te,de,?,doː,toː,toːi,doko,toʃi,dono,donoçito,tobu,tori,nai,naka,naŋai,?,naku,naŋuru,naŋeru,nanatsu,namae,nawa,?,ni,niku,?,nibui,nuː,nusumu,nureru,ne,nedzumi,nemuru,neru,noboru,nomu,ha,ha,hai,haku,haku,hadzukaʃiː,hatarau,hana,hana,hane,hane,haha,hajaʃi,hara,harawata,hari,çi,çidari,çito,çitotsu,?,çiraku,çiru,çiroi,Fuku,Fuku,hareru,Futatsu,Furui,hebi,boː,hoka,hokori,hoʃi,hone,horu,hoɴtoː,maŋaru,mi,migi,midʒikai,midzu,?,mitʃi,miQtsu,mimi,mimidzu,miru,miɴa,musubu,muQtsu,mune,me,?,motsu,jaku,jaQtsu,jumemiru,joi,joQtsu,joru,rjoːri,wataʃi,wataʃitatʃi,warau,warui
Eastern Japanese,Kanagawa,awɛ,akɛ,akubi,aʃi,atama,ataraʃiː,?,aQtakeː,aɴta,anoçito,?,abura,ame,aruku,are,juː,utʃi,iki-,ikiru,iʃi,?,itsu,itsutsu,inadzuma,inu,ue,ueru,uʃiː,utsu,umi,eda,?,oQpo,dQkɛ,?,okoQtʃiru,otoQtʃaɴ,otoko,omoteː,omoː,ojogu,oɴna,ka,kau,kaŋu,kaku,kakusu,kadze,kaɴjoːsuru,kata,?,gorogorosaɴ,kamu,kari,kawa,kawaku,kiːro,kiku,kitaneː,?,kiri,kiru,?,kuː,kusa,kusaru,kutʃi,kubi,kumo,kumo,iku,kureː,keba,kebu,kokonotsu,?,kodomo,kore,korosu,sakana,?,sasu,samiː,ʃiwo,ʃita,ʃita,ʃinu,?,ʃirami,ʃiru,ʃireː,suː,suna,suwaru,senaka,semeː,?,sodateru,sora,tataku,tatsu,tamaŋo,tʃi,tʃiQtʃeː,tʃikɛː,utʃinootoQtʃaɴ,otsukisaɴ,tsuʃi,oQkatʃaɴ,te,de,?,doː,toː,toeː,doko,toʃi,dono,donoçito,tobu,tori,neː,naka,naŋeː,?,naku,naŋuru,hoQpoːru,nanatsu,nameː,nawa,?,e,niku,?,nibiː,nuː,nusumu,nureru,neQko,nedzumi,nemuru,neru,noboru,nomu,haQpa,ha,heː,haku,haku,hadzukaʃiː,igoku,hana,hana,keba,hane,oQka,hajaʃi,hara,harabata,hari,çi,çidari,çito,ʃitotsu,?,akeru,çiru,çireː,Fuku,Fuku,hareru,Futaːtsu,Furiː,hebi,boː,hokano,hokori,hoːʃisaɴ,hone,hodʒikuru,hoɴto,maŋaru,mi,miŋi,midʒikeː,midzu,?,mitʃi,miQtsu,mimi,memedzu,miru,miɴna,musubu,muQtsu,mune,me,?,motsu,jaku,jaQtsu,jumeomiru,iː,joQtsu,joru,okadzuotsukuru,wataʃi,oretatʃi,warau,wariː
Eastern Japanese,Nigata,aːwe,akɛː,akubi,aʃi,atama,ataraʃi,?,aQtakɛ,aɴta,anoʃito,?,abura,ame,aebu,are,juː,e,eki-,ekiru,eʃi,?,etsu,etsutsu,enabikari,eɴga,teɴjdʒoː,ueru,uːse,utsu,umi,eda,?,ʃiQpo,deQkae,?,otʃiru,tɛːʃu,otoko,omotɛː,omoː,abiru,onago,ka,koː,kagu,kaku,kakusu,kadze,kaɴjoː,kata,?,kaminarisama,kamu,teQpobutʃi,kawa,kawaku,kiero,kiku,kiQtanɛ,?,kiri,kiru,?,kuː,kusa,negusaru,kutʃi,kubi,kumo,kumo,kuru,kuːre,ke,kemu,kokonotsu,?,koromo,kore,korosu,sakana,?,sasu,saːme,ʃoː,ʃita,ʃiQta,ʃigu,?,ʃirami,ʃiru,ʃireː,suː,suna,nemaru,senaka,sebɛː,?,sodateru,teɴdʒoː,hataku,tatsu,tamago,tʃi,tʃiQtʃe,tʃike,tsatsa,tsuki,beto,kaka,te,de,?,doː,toː,toːwe,doko,toʃi,dono,donoʃito,tobu,tori,nɛː,maɴnaga,naːgɛː,?,naku,hataku,hoɴnageru,nanatsu,namae,nawa,?,ni,niku,?,niːbue,noː,nosumu,jogoreru,ne,nedzumi,nemuru,neru,noboru,nomu,haQpa,ha,aku,haku,haku,ʃoːʃi,kasegu,hana,hana,hane,hane,oQkatʃaɴ,hajaʃi,hara,gwaːta,hari,çi,çidari,ʃito,çiotsu,?,çiraku,çirunaka,çireː,Fuku,Fuku,hareru,FutaQtsu,Fuːre,hebi,boː,betsuno,hokori,hoʃi,hone,horu,hoɴnoki,magaru,mi,miŋi,midʒigɛː,midzu,?,mitʃi,miQtsu,mimi,memedzu,miru,ɴna,musubu,muQtsu,mune,me,?,tagaku,jaku,jaQtsu,jumeomiru,eː,joQtsu,joru,rjoːri,wataʃi,dʒibuɴtatʃi,waroː,waːre
Eastern Japanese,Yamanashi,aoi,akai,akubi,aʃi,atama,ataraʃiː,?,aQtakai,anata,anoçito,anoçitotatʃi,abura,ame,aruku,are,juː,ue,iki-,ikiru,iʃi,?,itsu,itsutsu,inadzuma,inu,ue,ueru,usui,utsu,umi,eda,?,ʃiQpo,oːkiː,?,otʃiru,oQto,otoko,omoi,omoː,ojoŋu,oɴna,ka,kau,kaŋu,kaku,kakusu,kadze,kadzoeru,kata,?,okaɴnari,kamu,rjoː,kawa,kawaku,kiːro,kiku,kitanai,?,kiri,hajasu,?,kuː,kusa,kusaru,kutʃi,kubi,kumo,kumo,kuru,kuroi,ke,kemuri,kokonotsu,?,kodomo,kore,korosu,sakana,?,sasu,samui,ʃio,ʃita,ʃita,ʃinu,?,ʃirami,ʃiru,ʃiroi,suː,suna,suwaru,senaka,semai,?,sodateru,ʃira,tataku,tatsu,tamaŋo,tʃi,tʃiːsai,tʃikai,tʃitʃi,tsuki,tsuʃi,tsuma,te,de,?,doː,toː,toːi,doko,toʃi,dono,donoçito,tobu,tori,nai,naka,naŋai,?,naku,naŋuru,naŋeru,nanatsu,namae,nawa,?,ni,niku,?,nibui,nuː,nusumu,nureru,ne,nedzumi,nemuru,neru,noboru,nomu,ha,ha,heː,suru,haku,hadzukaʃiː,kaseŋu,hana,hana,hane,hane,haha,hajaʃi,hara,harabata,hari,çi,çidari,çito,çitotsu,?,çiraku,çiru,çiroi,Fuku,Fuku,hareru,FutaQtsu,Furui,hebi,boː,hokano,hokori,hoʃi,hone,horu,hoɴto,maŋaru,mi,miŋi,midʒikai,midzu,?,mitʃi,miQtsu,mimi,memedzu,miru,miɴna,musubu,muQtsu,mune,me,?,motsu,jaku,jaQtsu,jumeomiru,joi,joQtsu,joːsare,rjoːri,wataʃi,wataʃidomo,warau,warui
Eastern Japanese,Nagano,aweː,akeː,akubi,aʃi,atama,ataraʃiː,?,aQtakeː,omesaɴ,anoʃito,?,abura,ame,eːbu,are,seu,utʃi,eki-,ekiru,eʃi,?,etsu,etsutsu,enabikari,eno,ue,ueru,usue,butsu,umi,eda,?,oQpo,dQkɛ,?,otʃiru,teːʃo,otoko,jomoteː,omoː,midzoabiru,oɴna,ka,kau,kaŋu,kaku,kakusu,kadze,kaɴjoːʃiru,kata,?,kaminari,kamu,rjoː,kawa,ʃiru,kiːro,kiku,kiQtaneː,?,kiri,kiru,?,kuː,kusa,kusaru,kutʃi,kubi,kumo,kumo,kuru,kureː,ke,kebu,kokonotsu,?,kodomo,kore,korosu,sakana,?,sasu,sabiː,ʃoː,ʃita,hera,ʃimu,?,ʃirami,ʃiru,ʃireːnamaQtʃireː,suː,suna,suwaru,senaka,sebeː,?,sodateru,sora,tataku,tatsu,tamaŋo,tʃi,tʃiːseː,tʃikeː,tʃitʃi,otsukisaɴ,beto,okata,te,de,?,doː,toː,toːe,doko,toʃi,dono,donoʃito,tobu,tori,neː,naka,naŋeː,?,naku,naŋuru,naŋeru,nanatsu,namae,nawa,?,?,niku,?,dzureː,nou,nosumu,noreru,ne,nedzumi,neru,neru,noboru,nomu,ha,ha,heː,haku,haku,ʃoːʃi,hataraku,hana,hana,hane,hane,haha,hajaʃi,hara,harawata,hari,ʃi,ʃidari,ʃito,ʃitotsu,?,ʃiraku,ʃiru,ʃireː,Fuku,Fuku,hareru,Futatsu,Furuʃiː,hebi,boː,hokano,hokori,ohoʃisaɴ,hone,horu,Funto,maŋaru,mi,miŋi,midʒikeː,midzu,?,mitʃi,miQtsu,mimi,memedzu,miru,miɴna,mosubu,moQtsu,munaŋara,me,?,motsu,jaku,jaQtsu,jumeːmiru,eː,joQtsu,baɴ,gjoːru,waʃi,waʃidomo,warau,wariː
Eastern Japanese,Gifu,awøː,akɛː,akubi,aʃi,atama,ataraʃiː,?,nukutø,omahaɴ,ɛːtsu,?,abura,ame,aruku,are,juː,ie,iki-,ikiru,iʃina,?,itsu,itsutsu,inabikari,inu,ie,ieru,uʃuː,utsu,umi,eda,?,oɴbo,ikɛ,?,otʃiru,oQto,otoko,omøː,omoː,abiru,onaŋo,ka,kau,kadzaŋaku,kaku,kakusu,kadze,kaɴjoːseru,kata,?,juːdaQtsama,kamu,rjoː,kawa,kawaku,kiːro,kiku,kitanɛː,?,kiri,kiru,?,kuː,kusa,kusaru,kutʃi,kubi,kumo,kumo,kuru,kurøː,ke,keburi,kokonotsu,?,kodomo,køːtsu,korosu,sakana,?,sasu,sabjuː,ʃio,ʃita,bero,ʃinu,?,ʃirami,ʃiru,ʃirøː,suː,suna,suwaru,senaka,sebɛː,?,ʃitoneru,sora,tataku,tatsu,tamaŋo,tʃi,tʃiːkøː,tʃikɛː,tʃitʃi,tsuki,tsuʃi,tsuma,te,de,?,doː,toːo,toøː,doko,toʃi,dono,døːtsu,tobu,tori,nɛː,naka,naŋɛː,?,naku,naŋuru,naŋeru,nanatsu,namae,nawa,?,ni,niku,?,niʃuː,nuː,nusumu,nureru,ne,nedzumi,nemuru,neru,noboru,nomu,ha,ha,çɛː,haku,haku,hadzukaʃiː,hataraku,hana,hana,hane,hane,haha,hajaʃi,hara,harawata,hari,çi,çidari,çito,çitotsu,?,çiraku,çiru,çirøː,Fuku,Fuku,hareru,Futatsu,Furjuː,heɴbi,boː,hokano,hokori,ohoQsama,hone,horu,Funtoː,maŋaru,mi,miŋi,midʒigɛː,midzu,?,mitʃi,miQtsu,mimi,memedzu,miru,miɴna,musubu,muQtsu,mune,me,?,motsu,jaku,jaQtsu,jumemiru,eː,joQtsu,josari,rjoːri,waQtʃi,waʃira,warau,warjuː
Eastern Japanese,Shizuoka,aɛː,akai,akubi,aʃi,atama,ataraʃiː,?,aQtakɛː,aɴta,anoçito,anoçitoQtʃi,abura,ame,eːku,are,juː,ie,iki-,ikiru,iʃi,?,itsu,itsutsu,inadzuma,inu,ue,ueru,usui,utsu,umi,eda,?,ʃiQpo,ikai,?,otʃiru,otoːsaɴ,otoko,omoi,omoː,midzuabe,oɴna,ka,kau,kaŋu,kaku,kakusu,kadze,kaɴjoːʃiru,kata,kuQtsuku,kaminarisaɴ,kamu,teQpoːutʃi,kawa,çiru,kiːro,kiku,kiQtanɛː,?,moja,kiru,?,kuː,kusa,kusaru,kutʃi,kubi,kumo,kumo,kuru,kuroi,ke,kebu,kokonotsu,?,kodomo,kore,korosu,sakana,sabakeru,sasu,sabiː,ʃio,ʃita,bero,ʃinu,?,ʃirami,ʃiru,ʃiroi,suː,suna,suwaru,senaka,semeː,?,sodateru,sora,tataku,tatsu,tamaŋo,tʃi,kosui,tʃikeː,toːtoː,tsuki,tsuʃi,kaːsaɴ,te,de,?,doː,toː,toːi,doko,toʃi,dono,donoçito,tobu,tori,ne,naka,naŋeː,?,naku,naŋuru,naŋeru,nanatsu,namae,nawa,?,?,niku,?,nibui,nuː,nusumu,nureru,neQko,nedzumi,neburu,neru,noboru,nomu,haQpa,ha,heː,haku,haku,hadzukaʃiː,hataraku,hana,hana,hane,hane,kaːkaː,hajaʃi,hara,harabata,hari,çi,çidari,çito,çitotsu,?,çiraku,çiru,çireː,Fuku,Fuku,hareru,Futatsu,Furui,heːbi,boː,hoka,hokori,hoʃi,hone,horu,Funtoː,maŋaru,mi,miŋi,midʒikeː,midzu,?,mitʃi,miQtsu,mimi,memedzu,miru,miɴna,musubu,muQtsu,mune,me,?,motsu,jaku,jaQtsu,jumeːmiru,eː,joQtsu,josari,rjoːri,waʃi,waʃira,warau,wariː
Eastern Japanese,Aichi,awøː,akɛː,akubi,aʃi,suko,ataraʃiː,?,nukutʃeː,aɴta,ɛːtsu,?,abura,ame,aruku,are,juː,ie,iki-,ikiru,iʃina,?,itsu,itsutsu,inabikari,inu,ue,ieru,uʃuː,utsu,umi,eda,?,oQpo,oːkiː,?,otʃiru,ʃudʒiɴ,otoko,omøː,omoː,abiru,onago,kaɴsu,kau,kagu,kaku,kakusu,kadze,kaɴjoseru,kata,?,kaminari,kamu,rjoː,kawa,kawaku,kiː,kiku,kitanɛː,?,kiri,kiru,?,kuː,kusa,kusaru,kutʃi,kubi,kumo,kumo,kuru,kurøː,ke,keburi,kokonotsu,?,kodomo,køːtsu,korosu,sakana,ʃakeru,sasu,sabjuː,ʃio,ʃita,ʃita,ʃinu,?,ʃirami,ʃiru,ʃirøː,suː,suna,suwaru,senaka,sebɛː,?,ʃitoneru,sora,tataku,tatsu,tamago,tʃi,tʃiːsɛ,tʃikɛː,tʃitʃi,tsuki,tsuʃi,kanëː,te,de,?,doːdzo,toːo,toøː,doko,toʃi,dono,døːtsu,tobu,tori,nɛː,naka,naŋɛː,?,naku,naguru,nageru,nanatsu,namɛː,nawa,?,ni,niku,?,niʃuː,nuː,nusumu,nureru,ne,nedzumi,nemuru,neru,noboru,nomu,ha,ha,Fɛː,haku,haku,jaraʃiː,hataraku,hana,hana,hane,hane,haha,hajaʃi,hara,harawata,hari,çi,çidari,çito,çitotsu,?,çiraku,çiru,çirøː,Fuku,Fuku,hareru,Futatsu,Furjuː,kutʃinawa,boː,hokano,hokori,hoʃi,hone,horu,hoɴto,magaru,mi,migi,midʒigɛː,midzu,?,mitʃi,miQtsu,mimi,memedzo,miru,miɴna,musubu,muQtsu,mune,me,?,motsu,jaku,jaQtsu,jumemiru,eː,joQtsu,joru,rjoːri,waʃi,waʃiraː,warau,warjuː
Hachijyo,Hachijyo,aokja,akakja,akobi,aʃi,tsuburi,adaraʃikja,?,nukuokja,omeː,anoʃito,?,abura,ame,eːmu,ui,juː,e,iki-,ikiru,iʃi,?,itsu,itsutsu,inabikari,inume,ue,naberu,usukja,utsu,umi,jeda,?,oQpo,boːkja,?,oteru,oQto,onokogo,omokja,omoːwa,ojogu,oɴnago,kabume,kau,kamaru,kaku,nabusu,kadze,kaɴjoːsu,keːna,?,kaminari,kamu,?,kawa,kawaku,kiːro,kiku,kitanakja,?,kiri,kiru,?,kamu,kusa,kusaru,kutʃi,kubi,kumo,kumome,kuru,kurokja,kebuʃo,kemu,kokonotsu,?,ko,koi,korosu,jo,sakeru,sasu,kogeiru,ʃio,ʃita,ʃita,marubu,?,ʃaɴme,ʃokja,ʃirokja,suː,suna,suwaru,hedaka,semakja,?,sodateru,teɴ,butsu,tatsu,tamago,tʃi,neQkokja,tʃikakja,oQto,tsuki,tsuʃi,oQka,te,de,?,dogoɴ,tou,toːkja,doko,toʃi,dono,dai,tobu,torime,naQkja,naka,naɴgakja,?,naku,butsu,naŋeru,nanatsu,nameː,noː,?,ni,niku,?,nibukja,todzuru,nusumu,peːru,neQko,nedzumime,nemuru,neru,noborowa,nomu,haQpa,nukaba,heː,haku,haku,hadʒigamaʃikja,hataraku,hana,hana,hane,hane,oQka,?,hara,Fugi,hari,çi,çidari,ʃito,tetsu,?,çiraku,çiruma,çirokja,Fukowa,Fuku,hareru,Futatsu,Furuʃikja,hebime,bou,hokano,hokori,hoʃi,hone,horu,hoɴtu,magaru,mi,migi,mitʃikakja,midzu,?,mitʃi,miQtsu,mimi,memedzume,miru,meɴna,musubu,muQtsu,mune,manako,?,sageru,jaku,jaQtsu,jumeomiru,joQkja,joQtsu,baɴ,boudʒi,wai,waira,waroːwa,warukja
Western Japanese,Toyama,aoi,akai,akubi,aʃi,atama,aQtaraʃiː,?,nukui,aɴta,anoçito,anoçitotatʃi,abura,ame,araku,aru,juː,ie,eki-,ikiru,iʃi,itamu,itsu,etsutsu,inabikari,iɴ,ue,eberu,uQsui,utsu,umi,eda,?,ʃiriQpo,deQkai,?,otʃiru,aːhaɴ,otoko,omoi,omoː,abiru,oɴna,kaː,koː,kadzakaku,kaku,kakusu,kadze,kaɴjoːsuru,kata,kamu,kaɴnari,kamu,kari,kawa,hoseru,okoɴiro,kiku,udzakuraʃiː,?,gasu,kiru,?,kuː,kusa,kusaru,kutʃi,kubi,kumo,kubo,kuru,kuroi,keː,keburi,kokonotsu,?,kodomo,koru,korosu,io,Qsakeru,sasu,sabui,Qʃo,ʃita,bero,ʃinu,?,ʃirami,ʃiru,ʃiroi,suː,suna,nemaru,senaka,sebai,?,sodateru,sora,tataku,tatsu,tamamo,tʃiː,tʃiɴkoi,tʃikai,otoQtsaɴ,tsuki,doro,oQka,teː,de,?,doː,toː,toːi,doko,toʃi,doɴ,donoçito,tobu,tori,nai,naka,naŋai,?,naku,tataku,naŋeru,nanatsu,naː,nawa,?,ni,niku,?,nibui,nuː,nusumu,nureru,neː,nedzumi,neburu,neru,noboru,nomu,haː,haː,hai,haku,haku,hadzukaʃiː,hataraku,hana,hana,hane,hane,oQkahaɴ,hajaʃi,hara,dadami,haru,çiː,çidari,ʃito,çitotsu,?,akeru,çiɴma,heroi,Fuku,Fuku,hareru,Futatsu,Furuʃiː,heːbi,boː,hoka,gomi,hoQsaɴ,hone,horu,hoɴto,maŋaru,miː,miŋiri,midʒikai,midzu,?,mitʃi,meQtsu,mimi,memedzu,miru,ɴna,musubu,moQtsu,mune,meː,?,motsu,jaku,jaQtsu,?,iː,joQtsu,juːsa,goQtsoː,waʃi,waʃitatʃi,warau,wariː
Western Japanese,Ishikawa,aoi,akai,akubi,aʃi,atama,ataraʃiː,?,nukui,omasaɴ,anoçito,anoçitora,abura,ame,aruku,are,juː,utʃi,iki-,ikiru,iʃi,itai,itsu,itsutsu,inadzuma,iɴ,ue,ueru,usui,utsu,umi,eda,?,oː,dekai,?,oQtʃiru,ojadʒi,otoko,obotai,omoː,aberu,mero,kaː,koː,kaŋu,kaku,kakusu,kadze,joɴ,kata,kamu,kaɴnari,kamu,kari,kawa,kawaku,kiːro,kiku,kitanai,?,kiri,kiru,?,kuː,kusa,kusaru,kutʃi,kubi,kumo,kumo,kuru,kuroi,keː,kemuri,kokonotsu,?,kodomo,kore,korosu,sakana,sakeru,sasu,sabui,ʃoː,ʃita,heta,ʃiɴ,?,ʃirami,ʃiru,ʃiroi,suː,suna,nemaru,senaka,semai,?,sodateru,sora,tataku,tatsu,tamaŋo,tʃiː,tʃiQtʃai,tʃikai,otoːsaɴ,otsukisaɴ,doro,dʒaːma,teː,de,?,doː,toː,toːi,doko,toʃi,dono,donoçito,tobu,tori,nai,naka,naŋai,?,naku,naŋuru,naŋeru,nanatsu,namae,nawa,?,ni,niku,?,nibui,nuː,nusumu,nureru,neː,nedzumi,neru,neru,noboru,nomu,haː,haː,hai,haku,haku,hadzukaʃiː,hataraku,hana,hana,hane,hane,okaːsaɴ,hajaʃi,hara,dadami,hari,çiː,çidari,çito,çitotsu,?,çiraku,çiruma,çiroi,Fuku,Fuku,hareru,Futatsu,Furui,hebi,boː,hoka,gomi,hoʃi,hone,horu,hoɴma,maŋaru,miː,miŋi,midʒikai,midzu,?,mitʃi,miQtsu,mimi,mimidzu,miru,ɴna,musubu,muQtsu,mune,meː,?,motsu,jaku,jaQtsu,?,iː,joQtsu,joru,rjoːri,wate,watera,waroː,warui
Western Japanese,Fukui,aoi,akeː,akubi,aʃi,atama,ataraʃiː,?,ɲikutɛ,aɴta,anoçito,?,abura,ame,aruku,are,juː,utʃi,iki-,ikiru,iʃi,itamu,itsu,itsutsu,inabikari,inu,ue,ueru,usui,utsu,umi,eda,?,ʃiriQpo,ikɛ,?,otʃiru,ojaQsama,otoko,omoi,omou,ojoŋu,mero,kaː,kau,kaŋu,kaku,kakusu,kaje,kaɴjeru,kata,kuwatsuku,kaminari,kamu,kari,kawa,kawaku,ukoɴ,kiku,kitanai,?,kiri,kiru,?,kuː,kusa,kusaru,kutʃi,kubi,kumo,kubo,kuru,kuroi,keː,keburi,kokonotsu,?,kodomo,kore,korosu,sakana,?,sasu,sabui,ʃio,ʃita,heta,ʃinu,?,ʃirami,ʃiru,ʃiroi,suː,suna,nimaru,ʃenaga,ʃemai,?,sodateru,sora,tataku,tatsu,tamaŋo,tʃiː,tʃai,tʃikeː,oQtsa,tsuki,beto,kakaː,teː,de,?,doː,toːtoː,toːi,doko,toʃi,dono,donoçito,tobu,tori,neː,maɴnaga,naŋeː,?,naku,naŋuru,hoːru,nanatsu,namae,nawa,?,ni,niku,?,nibui,nuː,nusumu,nureru,neː,nedzumi,neburu,neru,noboru,nomu,haː,haː,hai,haku,haku,hadzukaʃiː,hataraku,hana,hana,hane,hane,oQka,hajaʃi,hara,dzoːmotsu,hari,çiː,çidari,çito,çitotsu,?,akeru,çiru,çiroi,Fuku,Fuko,hareru,Futatsu,Furui,heːbu,bai,hokano,hokori,ohoʃisaɴ,hone,horu,hoɴto,maŋaru,miː,miŋi,midʒikai,midzu,?,mitʃi,miQtsu,mimi,mimidzu,miru,miɴna,musubu,muQtsu,mune,meː,?,motsu,jaku,jaQtsu,jumemiru,iː,joQtsu,joːsa,rjoːri,ura,urara,warau,warui
Western Japanese,Mie,aoi,akai,akubi,aʃi,atama,ataraʃiː,?,nukutai,otaku,anoçito,anoçitora,abura,ame,aruku,are,juː,ie,iki-,ikiru,iʃi,?,itsu,itsutsu,inabikari,inu,ue,ieru,usui,utsu,umi,eda,?,オンボ/シッポ,oQkiː,?,otʃiru,otoːsaɴ,otoko,omoi,omou,ojogu,oɴna,kaː,kau,kagu,kaku,kakusu,kadze,kadzoeru,kata,?,kaminari,kamu,teQpoːutʃi,kawa,kawaku,kiːro,kiku,kitanai,?,kiri,kiru,?,kuː,kusa,kusaru,kutʃi,kubi,kumo,kumo,kuru,kuroi,keː,keburi,kokonotsu,?,kodomo,kore,korosu,sakana,?,sasu,samui,ʃio,ʃita,ʃita,ʃinu,?,ʃirami,ʃiru,ʃiroi,suː,suna,suwaru,senaka,semai,?,sodateru,sora,tataku,tatsu,tamago,tʃiː,tʃiQsai,tʃikai,otoːsaɴ,otsukisaɴ,tsuʃi,utʃinokanai,teː,de,?,doː,toː,toːi,doko,toʃi,dono,donoçito,tobu,tori,nai,naka,nagai,?,naku,naguru,horu,nanatsu,naː,nawa,?,ni,niku,?,nibui,nuː,toru,nureru,neː,nedzumi,neru,neru,noboru,nomu,haː,haː,hai,haku,haku,hadzukaʃiː,hataraku,hana,hana,hane,hane,okaːsaɴ,hajaʃi,hara,dzoːmotsu,hari,çiː,çidari,çito,çitotsu,?,akeru,çiru,çiroi,Fuku,Fuku,hareru,Futatsu,Furui,kutʃinawa,boː,hokano,hokori,hoʃi,hone,horu,hoɴto,magaru,miː,migi,midʒikai,midzu,?,mitʃi,miQtsu,mimi,mimidzu,miru,mina,musubu,muQtsu,mune,meː,?,motsu,jaku,jaQtsu,jumeomiru,eː,joQtsu,joru,rjoːri,waʃi,wataʃira,warau,warui
Western Japanese,Shiga,aoi,akai,akubi,aʃi,dosuko,sara,?,nukui,otaku,anoçito,?,abura,ame,aruku,are,juː,ie,iki-,ikiru,iʃi,itamu,itsu,itsutsu,inabikari,inu,ue,ueru,usui,utsu,umi,eda,?,oː,ikɛː,?,otʃiru,oQto,otoko,omoi,omou,ojoŋu,oɴna,kaː,kau,kadzaŋasu,kaku,kakusu,kadze,kadzoeru,kata,?,kaminari,kamu,rjoː,kawa,kawaku,kiːro,kiku,kitanae,?,kiri,kiru,?,kuː,kusa,kusaru,kutʃi,kubi,kumo,kumo,kuru,kurøe,keː,kemuri,kokonotsu,?,kodomo,kore,korosu,sakana,?,sasu,samui,ʃiwo,ʃita,ʃita,ʃinu,?,ʃirame,ʃiru,ʃirøe,suː,suna,suwaru,senaka,sebɛː,?,sodateru,sora,tataku,tatsu,tamaŋo,tʃiː,tʃiQsai,tʃikai,tʃitʃi,otsukisaɴ,tsuʃi,tsuma,teː,de,?,doː,toː,toːi,doko,toʃi,dono,donoçito,tobu,tori,nai,naka,naŋai,?,naku,naŋuru,hokoru,naɴtsu,namae,nawa,?,ni,miː,?,nibui,nuː,nusumu,nureru,neː,nedzumi,neru,neru,noboru,nomu,haː,haː,hae,haku,haku,hadzukaʃiː,kibaru,hana,hana,hane,hane,haha,hajaʃi,hara,harawata,hari,çiː,çidari,çito,çitotsu,?,akeru,çiru,çiroi,Fuku,Fuku,hareru,Futatsu,Furui,heːbi,boː,hoka,hokori,hoQsaɴ,hone,horu,hoɴma,maŋaru,mi,miŋi,midʒikai,midzu,?,mitʃi,miQtsu,mimi,memedzu,miru,mina,musubu,muQtsu,mune,meː,?,motsu,taku,jaQtsu,?,eː,joQtsu,baɴ,rjoːri,wataʃi,wataʃira,warau,warui
Western Japanese,Kyoto,aoi,akai,akubi,aʃi,otsumu,sara,?,aQtakai,otaku,anoʃito,?,abura,ame,aruku,are,juː,ie,iki-,ikiru,iʃi,itamu,itsu,itsutsu,inabikari,inu,ue,ueru,usui,utsu,umi,eda,?,oː,oːkiː,?,otʃiru,mukohaɴ,otoko,omotai,omou,ojoŋu,oɴna,kaː,kau,niou,kaku,kakusu,kadze,jomu,kata,kamitsuku,kaminari,kamu,teQpoutʃi,kawa,kawaku,kiːro,kiku,kitanai,?,kiri,kiru,?,kuː,kusa,kusaru,kutʃi,kubi,kumo,kumo,kuru,kuroi,keː,kemuri,kokonotsu,?,kodomo,kore,korosu,osakana,sakeru,sasu,samui,oʃio,ʃita,ʃita,ʃinu,?,ʃirame,ʃiru,ʃiroi,suː,suna,suwaru,senaka,semai,?,sodateru,sora,tataku,tatsu,tamaŋo,tʃiː,tʃiQtʃai,tʃikai,otoːsaɴ,otsukisaɴ,tsuʃi,jomehaɴ,teː,de,?,donai,toː,toːi,doko,toʃi,dono,donoçito,tobu,tori,nai,naka,naŋai,?,naku,dotsuku,horu,nanatsu,namae,nawa,?,ni,niku,?,nibui,nuː,nusumu,nureru,neː,nedzumi,neru,neru,noboru,nomu,haː,haː,hai,haku,haku,hadzukaʃi,kibaru,hana,hana,hane,hane,okaːtʃaɴ,hajaʃi,hara,harawata,hari,çiː,çidari,ʃito,ʃitotsu,?,akeru,çiru,çiroi,Fuku,Fuku,hareru,Futatsu,Furui,hebi,boː,hoka,hokori,hoʃi,hone,horu,hoɴma,maŋaru,miː,miŋi,midʒikai,midzu,?,mitʃi,miQtsu,mimi,memedzu,miru,miɴna,musubu,muQtsu,mune,meː,?,motsu,taku,jaQtsu,?,eː,joQtsu,joru,orjoːri,wataʃi,wataʃira,warau,warui
Western Japanese,Osaka,aoi,akai,akubi,aʃi,otsumo,sara,?,nukui,aɴta,anoçito,?,abura,ame,aruku,are,juː,ie,iki-,ikiru,iʃi,?,itsu,itsutsu,inabikari,inu,ue,ueru,usui,utsu,umi,eda,?,oː,oːkiː,?,otʃiru,mukohaɴ,otoko,omoi,omou,ojoŋu,oɴna,kaː,kau,niou,kaku,kakusu,kadze,kadzujomu,kata,?,kaminari,kamu,teQpoutʃi,kawa,kawaku,kiː,kiku,kitanai,?,kiri,kiru,?,kuː,kusa,kusaru,kutʃi,kubi,kumo,kumo,kuru,kuroi,keː,keburi,kokonotsu,?,koromo,kore,korosu,sakana,?,sasu,sabui,ʃio,ʃita,ʃita,ʃinu,?,ʃirame,ʃiru,ʃiroi,suː,suna,suwaru,senaka,ʃemai,?,sodateru,sora,tataku,tatsu,tamaŋo,tʃiː,tʃiQtʃai,tʃikai,otoːtʃaɴ,oQtsukisaɴ,tsuʃi,kanai,teː,de,?,donai,touwo,toːi,doko,toʃi,dono,donoçito,tobu,tori,nai,naka,naŋai,?,naku,dotsuku,horu,nanatsu,namae,nawa,?,ni,miː,?,nibui,nuː,nusumu,nureru,neː,nedzumi,neru,neru,noboru,nomu,haː,haː,hai,haku,haku,hadzukaʃi,hataraku,hana,hana,hane,hane,okaːtʃaɴ,hajaʃi,hara,harawata,hari,çiː,çidari,çito,ʃitotsu,?,akeru,çiru,çiroi,Fuku,Fuku,hareru,Futatsuː,Furui,hebi,boː,hokanoɴ,hokori,hoQsaɴ,hone,horu,hoɴma,maŋaru,miː,miŋi,midʒikai,midzu,?,mitʃi,miQtsu,mimi,memedzu,miru,mina,musubu,muQtsu,mune,meː,?,motsu,jaku,jaQtsu,jumeomiru,eː,joQtsu,baɴ,rjoːri,wataʃi,watera,warau,warui
Western Japanese,Hyogo,aoi,akai,akubi,aʃi,atama,sara,?,nukui,aɴtahaɴ,anoʃito,?,abura,ame,aruku,ae,juː,iejaʃiki,iki-,ikiru,iʃi,?,itsu,itsutsu,inabikari,inu,ue,ueru,usui,utsu,umi,eda,?,oː,oːkeː,?,otʃiru,otoː,otoko,omotai,omou,ojoŋu,onaŋo,kaː,kau,kadzakasu,kaku,kakusu,kadze,jomu,kata,?,kaminari,kamu,kari,kawa,kawaku,kiː,kiku,tʃanai,?,kasumi,kiru,?,kuː,kusa,kusaru,kutʃi,kubi,kumo,kumo,kuru,kuroi,keː,keburi,kokonotsu,?,kodomo,koe,korosu,sakana,?,sasu,sabui,ʃio,ʃita,ʃita,ʃinu,?,ʃirame,ʃiru,ʃiroi,suː,suna,suwaru,senaka,sebai,?,sodateru,sora,tataku,tatsu,tamaŋo,tʃiː,komai,tʃikai,teteoja,otsukisaɴ,tsuʃi,okaː,teː,de,?,doː,touwo,toːi,doko,toʃi,dono,donoʃito,tobu,tori,araheɴ,naka,naŋai,?,naku,dotsuku,horu,nanatsu,namae,nawa,?,ni,niku,?,toroi,nuː,toru,nureru,neː,nedzumi,neru,neru,noboru,nomu,haː,haː,hai,haku,haku,Fuːŋawarui,hataraku,hana,hana,hane,hane,hahaoja,hajaʃi,hara,harawata,hari,çiː,çidari,çito,çitotsu,?,akeru,çiru,çiroi,Fuku,Fuku,hareru,Futatsu,Furui,kutsuna,boː,jonomoɴ,hokori,hoQsaɴ,hone,horu,hoɴma,maŋaru,miː,miŋi,midʒikai,midzu,?,mitʃi,miQtsu,mimi,mimidzu,miru,miɴna,musubu,muQtsu,mune,meː,?,motsu,jaku,jaQtsu,jumemiru,eː,joQtsu,baɴ,goQtsoŋoQsae,wataʃi,wataʃira,warau,warui
Western Japanese,Nara,aoi,akaː,akubi,hoQda,omutsuri,saraː,?,nukui,otaku,anoçito,?,abura,ame,aruku,are,juː,ie,iki-,ikiru,iʃi,itamu,itsudʒibuɴ,itsutsu,inabikari,inu,ue,ueru,usui,utsu,umi,eNda,?,o,oːkiː,?,otʃiru,oQto,otoko,omotaː,omou,ojoNgu,oɴna,ka,kau,kaNgu,kaku,kakusu,kadze,kadzueru,kata,kuitsuku,kaminari,kamu,seQʃoː,kawa,kawaku,kiːro,kiku,kitanaː,?,kiri,kiru,?,kuː,kusa,kusaru,kutʃi,kubi,kumo,kumo,kuru,kuroi,ke,kemuri,kokonotsu,?,koNdomo,kore,korosu,sakana,?,sasu,sabui,ʃio,ʃita,ʃitabero,ʃinu,?,ʃirame,ʃiru,ʃiroi,suː,suna,suwaru,senaka,sebaː,?,soNdateru,sora,tataku,tatsu,tama,tʃi,tʃisaː,tʃikaː,toːsaɴ,tsuki,tsuʃi,kanai,te,Nde,?,doː,toː,toːiː,doko,toʃi,dono,donoçito,tobu,tori,naː,naka,naNgaː,?,naku,naNguru,hoːru,nanatsu,namae,nawa,?,i,miː,?,nibui,nuː,nusumu,nureru,ne,nedzumi,neru,neru,noboru,nomu,ha,ha,hai,haku,haku,hadzukaʃiː,hataraku,hana,hana,tornoke,hanegeta,kaːsaɴ,hajaʃi,hara,harawata,hari,çiː,çiNdari,çito,çitotsu,?,çiraku,çiru,çiroi,?,?,hareru,Futatsu,Furui,hebi,boː,hoka,hokori,hoʃi,hone,horu,hoɴto,maNgaru,mi,miNgi,midʒikaː,midzu,?,mitʃi,miQtsu,mimi,memedzu,miru,miɴna,musubu,muQtsu,mune,me,?,motsu,jaku,jaQtsu,jumemiru,iː,joQtsu,joru,rjoːri,waʃi,waʃira,warau,warui
Western Japanese,Wakayama,aoi,akai,akubi,aʃi,atama,sara,?,nukui,anata,anoçito,?,abura,ame,aruku,are,juː,ie,iki-,ikiru,iʃi,?,itsu,itsutsu,inabikari,inu,ue,ueru,usui,utsu,umi,eda,?,oː,okiː,?,otʃiru,ʃudʒiɴ,otoko,omotao,omou,ojoNgu,oɴna,kaː,kau,kaNgu,kaku,kakusu,kadze,jomu,kata,?,kaminari,kamu,teQpoutʃi,kawa,kawaku,kiːro,kiku,kitanai,?,kiri,kiru,?,kuː,kusa,kusaru,kutʃi,kubi,kumo,kumo,kuru,kuroi,keː,keburi,kokonotsu,?,koromo,kore,korosu,sakana,?,sasu,sabui,ʃio,ʃita,çita,ʃinu,?,ʃirame,ʃiru,ʃiroi,suː,suna,betadzuwari,senaka,sebai,?,sodateru,sora,tataku,tatsu,tamaNgo,tʃiː,tʃiQsai,tʃikai,otoQtsaɴ,otsukisaɴ,tsuʃi,utʃinoNga,teː,de,?,doː,toː,tobai,doko,toʃi,dono,donoçito,tobu,tori,nai,naka,naNgai,?,naku,butsu,horu,nanatsu,naː,nawa,?,ni,niku,?,nibui,nuː,nusumu,nureru,neː,nedzumi,neru,neru,nobosu,nomu,haː,haː,hai,haku,haku,hadzukaʃiː,hataraku,hana,hana,hane,hane,okaːsaɴ,hajaʃi,hara,harawata,hari,çiː,çidari,çito,çitotsu,?,akeru,çiru,çiroi,Fuku,Fuku,hareru,Futatsu,Furui,kutʃinaː,boː,hokano,hokori,hoQsaɴ,hone,horu,hoɴma,maNgaru,miː,miNgi,midʒikai,midzu,?,mitʃi,miQtsu,mimi,memedzu,miru,miɴna,musubu,muQtsu,mune,meː,?,motsu,jaku,jaQtsu,?,eː,joQtsu,baɴ,rjoːri,wataʃi,wataʃira,warau,wariː
Western Japanese,Tottori,aoi,akai,akubi,aʃi,atama,ataraʃiː,?,nukui,omaesaɴ,anomoɴ,?,taneabura,ame,aruku,are,juː,ie,iki-,ikiru,iʃi,?,itsu,itsutsu,inabikari,inu,ue,ueru,usui,utsu,umi,eda,?,ʃiQpo,oːkiː,?,otʃiru,ʃudʒiɴ,otoko,omotao,omoː,ojogu,onago,ka,kau,kagu,kaku,kakusu,kadze,kadzureru,kata,?,kaminari,kamu,rjoː,kawa,kawaku,kiːro,kiku,kitanai,?,kiri,kiru,?,kuː,kusa,kusaru,kutʃi,kubi,kumo,kumo,kuru,kuroi,ke,kemuri,kokonotsu,?,kodomo,kore,korosu,sakana,?,sasu,samui,ʃio,ʃita,ʃita,ʃinuru,?,ʃirami,ʃiru,ʃiroi,suː,suna,suwaru,senaka,semai,?,sodateru,sora,tataku,tatsu,tamago,tʃi,komai,tʃikai,otoːsaɴ,tsuki,tsuʃi,okaː,te,kara,?,dogai,toː,toːiː,doko,toʃi,dono,donomoɴ,tobi,tori,nai,naka,nagai,?,naku,dodzuku,nageru,nanatsu,namae,nawa,?,ni,niku,?,nibui,nuː,toru,nureru,ne,nedzumi,neru,neru,noboru,nomu,haQpa,ha,hai,haku,haku,hadzukaʃiː,hataraku,hana,hana,hane,hane,okaːsaɴ,hajaʃi,hara,harawata,hari,çi,çidari,çito,çitotsu,?,akeru,çiru,çiroi,Fuku,Fuku,hareru,Futatsu,Furui,kutʃinawa,boː,hokano,hokori,hoʃi,hone,horu,hoɴto,magaru,mi,migi,midʒikai,midzu,?,mitʃi,miQtsu,mimi,mimidzu,miru,miɴna,musubu,muQtsu,mune,me,?,motsu,jaku,jaQtsu,jumeomiru,eː,joQtsu,joːsari,rjoːri,waʃi,waʃiraː,warau,warui
Western Japanese,Shimane,aoe,akae,akubi,aʃi,atama,sarana,?,nokui,omaesaɴ,anoFuto,?,abura,ame,ariku,aː,iː,e,iki-,ekiː,eʃi,?,etʃi,etʃitʃi,enabikaː,eno,oe,oeː,oʃiː,otʃi,umi,eda,?,ʃiːbo,oːkina,?,otʃiː,oʃinootoQtsaɴ,otoko,motae,omoː,ojogu,onago,ka,kaː,neoː,kaku,kakuʃi,kadze,kajeː,kata,?,kaɴnari,kamu,rjoː,kawa,kawaku,kiːro,kiku,kitaneː,?,kiː,kiː,?,kuː,kusa,kusaː,kutʃi,kubi,kumo,kumo,kuː,kuroe,ke,kemoː,kogonotʃi,?,kodomo,keː,koroʃi,sakana,?,saʃi,samiː,so,ʃita,ʃita,ʃinoː,?,ʃirami,ʃiː,ʃiroe,ʃiː,ʃina,ʃiwaːtʃaɴkoʃiru,ʃena,ʃemae,?,sodateː,sora,tataku,tatʃi,tamago,tʃi,hoʃe,tʃikae,tʃaQtʃa,tʃiki,tʃitʃi,otʃinookaka,te,de,?,doge,toː,toe,doko,toʃi,dono,donofuto,tobu,toː,ne,naka,nagae,?,naku,doːdʒiku,nageː,nanatʃi,namae,nawa,?,ni,neku,?,nibi,noː,toː,noreː,ne,nedʒiɴ,neː,neː,noboː,noɴ,ha,ha,hae,haku,haku,hadʒikaʃi,ʃewajaku,hana,hana,hane,hane,kaQka,hajaʃi,hara,harawata,hari,Fu,Fudaː,Futo,Futotʃi,?,Firaku,Firi,Furoe,Fuku,Fuku,hareː,Futatʃi,Furi,kutʃinawa,boː,hokano,hokoː,hoʃi,hone,hoː,hoɴnokoto,magaː,mi,migi,metʃikae,medʒi,?,metʃi,meQtʃi,mimi,memedʒi,miru,meɴna,owaeː,moQtʃi,mine,me,?,motʃi,jaku,jaQtʃi,imemiː,e,joQtʃi,joː,rjoːri,wataʃi,wataʃidomo,waraː,wari
Western Japanese,Okayama,awøː,akɛː,akubi,aʃi,atama,ataraʃiː,?,nukiː,aɴta,anomeː,?,abira,ame,aruku,eː,juː,ie,iki-,ikiru,iʃi,itamu,itsu,itsutsu,inabikari,inu,ue,ueru,uʃiː,utsu,umi,eda,?,ʃiQpo,oːkeː,?,otʃiru,ʃudʒiɴ,otoko,omeː,omoː,ojogu,onago,ka,kau,niou,kaku,kakusu,kadze,kadzueru,kata,?,kaminari,kamu,rjoː,kawa,kawaku,kiːro,kiku,kitaneː,?,kiri,kiru,?,kuː,kusa,kusaru,kutʃi,kubi,kumo,kumo,kuru,kureː,ke,kemuri,kokonotsu,?,kodomo,kore,korosu,sakana,sakeru,sasu,samiː,ʃio,ʃita,bero,ʃinuru,?,ʃirami,ʃiru,ʃireː,suː,suna,suwaru,ʃena,semɛː,?,sodateru,sora,tataku,tateru,tamago,tʃi,komɛː,tʃikɛː,tʃitʃi,otsukisama,tsuʃi,kamisaɴ,te,de,?,doneː,toː,toeː,doko,toʃi,deːno,deːtsu,tobu,tori,nɛː,naka,naŋɛː,?,naku,naguru,hoːru,nanatsu,nameː,nawa,?,?,niku,?,nibiː,nuː,toru,nureru,ne,nedzumi,neru,neru,noboru,nomu,haQpa,ha,hai,haku,haku,Fuːgawariː,hataraku,hana,hana,hane,hane,haha,hajaʃi,hara,harawata,hari,çi,çidari,çito,çitotsu,?,akeru,çiru,çireː,Fuku,Fuku,hareru,Futatsu,Furiː,kutʃinawa,boː,hokano,hokori,hoʃi,hone,horu,hoɴma,magaru,mi,migi,midʒigɛː,midzu,?,mitʃi,miQtsu,mimi,mimidzu,miː,miɴna,musubu,muQtsu,mune,me,?,motsu,jaku,jaQtsu,jumjoːmiru,eː,joQtsu,baɴ,rjoːri,wataʃi,wataʃiraː,warau,wariː
Western Japanese,Hiroshima,aoi,akaː,akubi,aʃi,atama,ɲiːna,?,nukui,aɴta,are,arera,abura,ame,aruku,are,juː,ie,iki-,ikiru,iʃi,itamu,itsu,itsutsu,çikari,inu,ue,ueru,usui,utsu,umi,eda,?,oɴbatʃi,oːkeː,?,otʃiru,otoko,otoko,omotaː,omoː,ojogu,onago,ka,kau,kadzamu,kaku,kakusu,kade,kadzueru,kata,kuitsuku,doɴdoro,kamu,jamarjoː,kawa,çiru,kiː,kiku,kitanaː,?,kiri,kiru,?,kuː,kusa,kusaru,kutʃi,kubi,kumo,kumo,kuru,kuroi,ke,keburi,kokonotsu,?,kodomo,kore,konosu,io,tʃigireru,sasu,sabui,ʃijo,çita,bero,ʃinuru,?,ʃirame,ʃiru,ʃiroi,suː,suna,suwaru,sena,sebaː,?,sodateru,sora,tataku,tatsu,tamago,tʃi,komaː,tʃikaː,otoːsaɴ,oQtsukisaɴ,tsuʃi,ɲoːbo,te,de,?,doː,toː,toːiː,doko,toʃi,dono,dore,tobu,tori,naː,naka,nagaː,?,naku,naguru,hoːru,nanatsu,namae,nawa,?,i,niku,?,toroi,nuː,nusumu,nureru,ne,nedzumi,neburu,neru,noboru,nomu,ha,ha,hai,haku,haku,hadzukaʃiː,hataraku,hana,hana,hanege,hane,haha,?,hara,harawata,hari,çi,çidari,çito,çitotsu,?,akeru,çiru,çiroi,Fuku,Fuku,hareru,Futatsu,Furui,kutʃinawa,boː,hoka,gomi,hoʃi,hone,horu,hoɴto,magaru,mi,migi,midʒikaː,midzu,?,mitʃi,miQtsu,mimi,mimidzu,miru,miɴna,juː,muQtsu,mune,me,?,motsu,jaku,jaQtsu,jumjoːmiru,eː,joQtsu,joru,rjoːri,waʃi,waʃira,warau,wariː
Western Japanese,Yamaguchi,awøː,akɛː,akubi,aʃi,omutsu,ataraʃiː,?,nukui,anata,anoçito,?,abura,ame,aruku,are,juː,ie,iki-,ikiru,iʃi,?,itsu,itsutsu,inabikari,inu,ue,ueru,uʃiː,utsu,umi,eda,?,ʃiQpo,oːkina,?,otʃiru,ʃudʒiɴ,otoko,omotɛː,omoː,ojogu,oɴna,ka,kau,nijoː,kaku,kakusu,kaje,kadzøːru,kata,?,kaminari,kamu,rjoː,kawa,kawaku,kiː,kiku,kitanɛː,?,kiri,kiru,?,kuː,kusa,kusaru,kutʃi,kubi,kumo,kumo,?,kurøː,ke,kemuri,kokonotsu,?,kodomo,kore,korosu,sakana,sakeru,sasu,samiː,oʃijo,ʃita,ʃita,ʃinuru,?,ʃirami,ʃiru,ʃirøː,suː,suna,suwaru,sena,semɛː,?,sodateru,sora,tataku,tatsu,tamago,tʃi,komɛː,tʃikɛː,toːtʃaɴ,tsuki,doro,kanëː,te,de,?,doneː,tʃiː,toiː,doko,toʃi,dono,donoçito,tobu,tori,nɛː,naka,naŋɛː,?,naku,naguru,nageru,nanatsu,namɛː,nawa,?,ni,niku,?,nibui,nuː,nusumu,nureru,ne,nedzumi,neru,neru,noboru,nomu,ha,ha,hɛː,haku,haku,hadzukaʃiː,hataraku,hana,hana,hane,hane,kaːtʃaɴ,hajaʃi,onaka,harawata,hari,çi,çidari,çito,çitotsu,?,çiraku,çiru,çirøː,Fuku,?,hareru,Futaːtsu,Furwiː,hebi,boː,hokano,hokori,hoʃi,hone,horu,hoɴtoː,magaru,mi,migi,midʒigɛː,midzu,?,mitʃi,miQtsu,mimi,mimidzu,miru,miɴna,kibiru,muQtsu,mune,me,?,motsu,jaku,jaQtsu,jumeomiru,eː,joQtsu,baɴ,rjoːri,wataʃi,wataʃitatʃi,warau,warWiː
Western Japanese,Tokushima,aoi,akai,akubi,aʃi,atama,sara,?,nukui,anata,anoçito,anoçitotatʃi,abura,ame,aruku,are,juː,ie,iki-,ikiru,iʃi,?,itsu,itsutsu,inabikari,inu,ue,ueru,usui,utsu,umi,eda,?,oː,oːkiː,?,otʃiru,oQto,otoko,omoi,omou,ojogu,onago,kaː,kau,kadzamu,kaku,kakusu,kadze,jomu,kata,?,kaminari,kamu,kari,kawa,kawaku,kiːro,kiku,kitanai,?,kiri,kiru,?,taberu,kusa,kusaru,kutʃi,kubi,kumo,kumo,kuru,kuroi,keː,kemuri,kokonotsu,?,kodomo,kore,korosu,sakana,?,sasu,samui,ʃio,ʃita,bero,ʃinu,?,ʃirame,ʃiru,ʃiroi,suː,suna,suwaru,ʃenaka,sebai,?,sodateru,sora,tataku,tatsu,tamago,tʃiː,komai,tʃikai,tʃitʃi,tsuki,tsuʃi,tsuma,teː,de,?,doː,tʃiː,toːi,doko,toʃi,dono,donoçito,tobu,tori,nai,naka,nagai,?,naku,tataku,hoːru,nanatsu,namae,nawa,?,ni,niku,?,nibui,nuː,nusumu,nureru,neː,nedzumi,nemuru,neru,noboru,nomu,haː,haː,hai,haku,haku,hadzukaʃiː,hataraku,hana,hana,hane,hane,haha,hajaʃi,hara,harawata,hari,çiː,çidari,çito,çitotsu,?,çiraku,çiru,çiroi,Fuku,Fuku,hareru,Futaːtsu,Furui,gutʃinawa,boː,hokano,hokori,hoʃi,hone,horu,hoɴma,magaru,miː,migi,midʒikai,midzu,?,mitʃi,miQtsu,mimi,memedzu,miru,mina,musubu,muQtsu,mune,meː,?,motsu,jaku,jaQtsu,jumeomiru,eː,joQtsu,baɴ,rjoːri,wataʃi,wataʃira,warau,warui
Western Japanese,Kagawa,aoi,akai,akubi,aʃi,atana,ataraʃiː,?,nukui,aɴta,anoçito,?,abura,ame,aruku,are,juː,ie,iki-,ikiru,iʃi,?,itsu,itsutsu,inabikari,inu,ue,ueru,usui,utsu,umi,eda,?,oː,oːkiː,?,otʃiru,ʃudʒiɴ,otoko,omoi,omou,ojogu,onago,ka,kau,niou,kaku,kakusu,kadze,jomu,kata,?,kaminarisaɴ,kamu,?,kawa,kawaku,kiː,kiku,kitanai,?,kiri,kiru,?,kuː,kusa,kusaru,kutʃi,kubi,kumo,kumo,kuru,kuroi,ke,kemuri,kokonotsu,?,kodomo,kore,korosu,sakana,?,sasu,sabui,ʃio,ʃita,ʃita,ʃinu,?,ʃirami,ʃiru,ʃiroi,suː,suna,suwaru,senaka,semai,?,sodateru,sora,tataku,tateru,tamago,tʃiː,koɴmai,tʃikai,tʃitʃi,otsukisaɴ,tsuʃi,kanai,teː,de,?,doː,tʃiː,toːi,doko,toʃi,dono,doitsu,tobu,tori,nai,naka,nagai,?,naku,tataku,hoːru,nanatsu,namae,nawa,?,ni,niku,?,nibui,nuː,nusumu,nureru,ne,nedzumi,neru,neru,noboru,nomu,ha,haː,hai,haku,haku,hadʒikaʃi,hataraku,hana,hana,hane,hane,haha,hajaʃi,hara,harawata,hari,çiː,çidari,çito,çitotsu,?,akeru,çiru,çiroi,Fuku,Fuku,hareru,Futatsu,Furui,hebi,boː,hokano,hokori,ohoQsaɴ,hone,horu,hoɴma,magaru,mi,migi,midʒikai,midzu,?,mitʃi,miQtsu,mimi,mimidzu,miru,miɴna,juwaeru,muQtsu,mune,meː,?,sageru,jaku,jaQtsu,jumemiru,eː,joQtsu,joru,rjoːri,otaʃi,otaʃira,warau,warui
Western Japanese,Ehime,aoi,akai,akubi,aʃi,atama,ataraʃiː,?,nukui,?,anoʃito,anoʃitora,abura,ame,aruku,are,juː,ie,iki-,ikiru,iʃi,itamu,itsu,itsutsu,inabikari,inu,ue,ueru,usui,utsu,umi,eda,?,obatʃi,oːkiː,?,otʃiru,ʃudʒiɴ,otoko,omotai,omou,ojogu,oɴna,ka,kau,kadzamu,kaku,kakusu,kadze,kadzueru,kata,kamitsuku,kaminarisama,kamu,rjoː,kawa,kawaku,kiːro,kiku,kitanai,?,kiri,tsumu,?,kuː,kusa,kusaru,kutʃi,kubi,kumo,kumo,kuru,kuroi,ke,kemuri,kokonotsu,?,kodomo,kore,korosu,sakana,sakeru,sasu,çijai,ʃio,ʃita,bero,ʃinuru,?,ʃirami,ʃiru,ʃiroi,suː,suna,suwaru,seɴgo,semai,?,sodateru,teɴ,tataku,tatsu,tamago,tʃi,komai,tʃikai,tʃitʃi,tsuki,tsuʃi,kanai,teː,de,?,doː,tʃiː,towai,doko,toʃi,dono,donoʃito,tobu,tori,nai,naka,nagai,?,naku,ʃibaku,nageru,nanatsu,namae,tsuna,?,ni,niku,?,nibui,nuː,nusumu,nureru,ne,nedzumi,neru,neru,noboru,nomu,ha,haː,hai,haku,haku,hadzukaʃiː,hataraku,hana,hana,hane,hane,haha,hajaʃi,hara,harawata,hari,çiː,çidari,çito,çitotsu,?,akeru,çiru,çiroi,Fuku,Fuku,hareru,Futaːtsu,Furui,hebi,boː,hoka,hokori,hoʃi,hone,horu,hoɴto,magaru,mi,migi,midʒikai,midzu,?,mitʃi,miQtsu,mimi,mimidzu,miru,miɴna,musubu,muQtsu,mune,meː,?,motsu,jaku,jaQtsu,jumeomiru,eː,joQtsu,joru,rjoːri,wataʃi,wataʃira,warau,warui
Western Japanese,Kochi,aoi,akai,akubi,aʃi,atama,sara,?,nukui,omasaɴ,anoçito,?,abura,ame,aruku,are,juː,ie,iki-,ikiru,iʃi,itamu,ituitsu,itutu,inabikari,inu,ue,ueru,usui,utu,umi,eNda,?,obaQta,Futoi,?,otʃiru,ʃudʒiɴ,otoko,omotai,omou,ojoNgu,oɴna,ka,kau,kamu,kaku,kakusu,kadze,kadzueru,kata,?,kaminari,kamu,rjoː,kaː,kaːku,kiː,kiku,Ndakidʒa,?,kiri,tumu,?,kuː,kusa,kusaru,kutʃi,kubi,kumo,kumo,kuru,kuroi,ke,kemuri,kokonotu,?,koNdomo,kore,korosu,io,ʃakeru,sasu,çijai,ʃio,ʃita,ʃita,ʃinuru,?,ʃirami,ʃiru,ʃiroi,suː,suna,idzaru,senaka,semai,?,soNdateru,sora,tataku,tateru,tamaNgo,tʃi,koɴmai,tʃikai,tʃitʃi,tuki,tutʃi,kanai,te,Nde,?,ɴdoː,toː,toːi,Ndoko,toʃi,Ndono,Ndonoçito,tobu,tori,nai,naka,naNgai,?,naku,tataku,hoːru,naɴtu,namae,naː,?,ni,niku,?,nibui,nuː,toru,nureru,neː,nedzumi,nemuru,neru,noboru,nomu,ha,ha,hai,haku,haku,haNdukaʃiː,hataraku,hana,hana,hane,hane,haha,hajaʃi,hara,harawata,hari,çiː,çiNdari,çito,çitotu,?,çiraku,çiru,çiroi,Fuku,Fuku,?,Futaːtu,Furui,hebi,boː,hokano,hokori,hoʃi,hone,horu,makoto,maNgaru,mi,miNgi,midzoi,miNdu,?,mitʃi,miQtu,mimi,mimidzu,miru,miɴnaː,ʃimeru,muQtu,mune,meː,?,saɴgeru,jaku,jaQtsu,jumeomiru,ei,joQtsu,joru,rjoːri,wataʃi,wataʃiraː,warau,beNgodʒa
Kyushu,Fukuoka,aoka,akaka,akubi,aʃi,dzuku,ataraʃika,?,nuQka,anata,are,?,abura,ame,ajumu,are,juː,ie,iki-,ikiru,iʃi,itamu,itsu,itsuːtsu,inabikari,iɴ,ue,ujuru,usuka,utsu,umi,eda,?,ʃiQpo,oːQka,?,otsuru,otoːsaɴ,otoko,omotaka,omou,ojogu,onago,ka,kau,niou,kaku,kakusu,kaje,kaɴneru,kata,?,kaminari,kamu,kari,kawa,çiagaru,kina,kiku,urameʃika,?,kiri,kiru,?,kuː,kusa,nemaru,kutʃi,kubi,kumo,kobu,kuru,kuroka,ke,kemuri,kokonotsu,?,kodomo,kore,korosu,io,sakuru,sasu,samuka,ʃiwo,ʃita,ʃita,ʃinu,?,ʃirami,ʃiru,ʃiroka,suː,suna,idoru,ʃenaka,ʃemaka,?,sodatsuru,sora,tataku,tatsu,tamago,tʃi,komaka,tʃikaka,toQtsaɴ,tsuki,doro,kakaː,te,de,?,dogeɴ,towo,toːka,doko,toʃi,dono,dai,tobu,tori,naka,naka,naɴka,?,naku,tataku,naguru,nanaːtsu,namae,nawa,?,geː,niku,?,waruka,nuː,toru,nururu,ne,nedzumi,nemuru,neru,noboru,nomu,ha,ha,hai,haku,haku,okaʃika,hataraku,hana,hana,hane,hane,kaːsaɴ,jama,hara,dzoːbata,hari,çi,çidari,çito,çitotsu,?,çiraku,çiru,çiroka,Fuku,Fuku,hareru,Futatsu,Furuka,kutʃinawa,boː,hokaɴto,hokori,hoʃi,hone,horu,hoɴnakoto,magaru,mi,migi,midʒikaka,midzu,?,mitʃi,miːtsu,mimi,mimidzu,miru,soːjo,kibiru,moːtsu,mune,me,?,motsu,jaku,jaːtsu,jumebamiru,joka,joQtsu,josari,rjoːri,ataʃi,ataʃidatʃi,Qwarau,waruka
Kyushu,Saga,aoka,aQka,akubi,aʃi,atama,ataraʃika,?,nuQka,aɴta,ai,aitatʃi,abura,ameame,ajubu,ai,juː,ie,iki-,ikiː,iʃi,?,itsu,itsutsu,inabkai,iɴ,ueɴhoː,ujuQ,usuka,utsu,umi,eda,?,o,Futoka,?,otʃiː,utʃinoojadʒisaɴ,otoko,oFutaka,omoː,ojogu,onago,ka,kau,kadzumu,kaku,nawasu,kaje,kadzojuru,kata,?,narakami,kamu,dʒuː,kawa,kawaku,kiɴnaka,kiku,josowaʃika,?,moja,kiː,?,kuː,kusa,kusaː,kutʃi,kubi,kumo,kobu,kuː,kuroka,ke,kebui,kokonotsu,?,godoɴ,koi,korosu,ioː,?,sasu,çijka,ʃio,ʃitaɴhoː,ʃita,ʃiɴ,?,ʃirami,ʃiQ,ʃiroka,suː,dzuna,suwaː,ʃena,ʃebaka,?,oːsu,sora,tataku,tatsu,tamago,tʃi,komaka,tʃikaka,otoQtsaɴ,tsuki,doro,utʃinokaka,te,de,?,dogjaɴ,toɴgoː,toːka,doko,toʃi,dono,donoçito,tobu,toi,naka,naka,naɴka,?,omeku,tataku,naguQ,nanatsu,na,nawa,?,ni,niku,?,doɴka,nuː,nusumu,nuruQ,ne,nedzumi,nuQ,nuQ,noboQ,nomu,ha,ha,çaː,haku,haku,tʃaːgatsuka,ʃigotosuQ,hana,hana,hane,hane,okajaɴ,hajaʃi,hara,dʒigo,hai,çi,çidariɴboː,çito,çitotsu,?,akuQ,çiru,çiroka,Fuku,Fuku,haruQ,Futatsu,FuQka,kutʃinawa,boːde,tʃigoːto,hokoi,hoʃi,hone,hoː,hoɴnakoto,magaː,mi,migiɴhoː,miʃikaka,midzu,?,mitʃi,miQtsu,mimi,mimidzu,miː,ʃiQkja,musubu,muːtsu,mune,me,?,motsu,jaku,jaːtsu,jumebamiː,joka,joQtsu,joru,dʒuQ,wataʃi,wataʃidomo,warau,waːka
Kyushu,Nagasaki,aoi,akaka,akubi,aʃi,atama,ataraʃika,?,atataka,anata,anoçito,?,abura,ame,aruku,ai,juː,ie,iki-,ikiQ,iʃi,?,itsu,itsutsu,inadzuma,inu,uje,ueru,usuka,utsu,umi,eda,?,o,oːkina,?,otsuru,ʃudʒiɴ,otoko,omoka,omoː,ojogu,oɴna,ka,kau,kadzumu,kaku,kakusu,kaje,kadzojuru,kata,?,kaminari,kamu,kari,kawa,kawaku,kiːro,kiku,joQsowaʃika,?,kiri,kiQ,?,kuː,kusa,nemaru,kutʃi,kubi,kumo,kobu,kuru,kuroka,ke,kemuri,kokonotsu,?,kodomo,koi,korosu,uo,?,sasu,samuka,ʃio,ʃita,bero,ʃinu,?,ʃirami,ʃiru,ʃiroka,suː,suna,suwaQ,ʃenaka,ʃemaka,?,sodatsuru,sora,tataku,tatsu,tamago,tʃi,tʃiːsaka,tʃikaka,toːsaɴ,tsuki,tsuʃi,ɲoːboː,te,de,?,dogeɴ,toː,toːka,doko,toʃi,doɴ,donoçito,tobu,tori,naka,naka,nagaka,?,naku,uQtataku,naguru,nanatsu,namaje,nawa,?,ni,niku,?,nibuka,nuː,nusumu,nuruQ,ne,nedzumi,nemuQ,nuru,noboru,nomu,ha,ha,hai,haku,tosu,hadzukaʃika,hataraku,hana,hana,hane,hane,kaːsaɴ,hajaʃi,hara,harawata,hari,çi,çidari,çito,çitotsu,?,çiraku,çiru,çiroka,Fuku,Fuku,haruQ,Futatsu,Furuka,kutʃinawa,boː,hokano,hokori,hoʃi,hone,hoQ,hoɴtoː,magaru,mi,migi,midʒikaka,midzu,?,mitʃi,miQtsu,mimi,mimidzu,miQ,miɴna,musubu,muQtsu,mune,me,?,motsu,jaku,jaQtsu,jume,joka,joQtsu,joru,rjoːri,wataʃi,wataʃidomo,waroː,waruka
Kyushu,Kumamoto,aoka,aQka,akubi,aʃi,atama,ataraʃika,?,nuQka,aːta,aru,?,abura,ame,ajubu,aru,juː,ije,iki-,ikiru,iʃi,?,itsu,itsutsu,inabikari,iɴ,uje,ujuru,usuka,utsu,umi,jeda,?,ʃiribo,Futoka,?,otʃiru,?,otoko,omuka,omou,ojegu,onago,ka,kau,kadzumu,kaku,kakusu,kaje,kaɴdʒuru,kata,?,kaminari,kamu,rjoː,kawa,çiagaru,kina,kiku,kitanaka,?,kiri,kiru,?,kuː,kusa,nemaru,kutʃi,kubi,kumo,kobu,kuru,kuroka,ke,keburi,kokonotsu,?,kodomu,koru,korosu,juoː,?,sasu,saɴka,ʃio,ʃita,ʃita,ʃinuru,?,ʃirame,ʃiru,ʃiroka,suː,suna,suwaru,gotjaː,ʃemaka,?,sodatsuru,sora,tataku,tatsu,tamago,tʃiː,komaɴka,tʃikaka,toQtsaɴ,tsuki,tsuʃi,?,tʃe,de,?,doː,toɴo,toːka,doko,toʃi,doɴ,donoçito,tobu,tori,naka,naka,naɴka,?,naku,utsu,naguru,nanatsu,na,nawa,?,ni,mi,?,nibuka,nuː,oQtoru,nururu,ne,nedzumi,neburu,nuru,noboru,nomu,ha,ha,çaː,haku,haku,hatsukaʃika,hataraku,hana,hana,hane,hane,kakusaɴ,jama,hara,harawata,hari,çiː,çidari,çito,çitotsu,?,çiraku,çiru,çiroka,Fuku,Fuku,?,Futatsu,Furuka,hebi,boː,hokaɴto,gomi,hoʃi,hone,horu,makotsu,magaru,mi,migi,midʒikaka,midzu,?,mitʃi,miQtsu,mimi,mimidzu,miru,mina,kubiru,muːtsu,mune,me,?,motsu,jaku,jaːtsu,jumebamiru,joka,joQtsu,josari,rjoːri,wataʃi,wataʃidoɴ,warau,waruka
Kyushu,Oita,awiː,akeː,akubi,aʃi,kaʃira,ataraʃiː,?,nukui,aɴta,aitu,?,abura,ame,ajumu,aitu,juː,ije,iki-,ikuru,iʃi,?,itu,itutu,inabikari,iɴ,ue,ujuru,usiː,utu,umi,jeda,?,o,Futiː,?,oturu,ojakata,otoko,omutɛː,omuː,ojogu,onago,ka,kau,kadzamu,kaku,kakusu,kaje,kadzojuru,kata,?,kaminari,kamu,rjoː,kawa,kawaku,kina,kiku,kisaneː,?,kiri,kiru,?,kuː,kusa,kusaru,kutʃi,kubi,kumo,kumo,kuru,kureː,ke,kemuri,kokonotu,?,kodomu,koitu,korosu,buijeɴ,?,sasu,samiː,ʃijo,ʃita,ʃita,ʃinuru,?,ʃirame,ʃiru,ʃiriː,suː,suna,suwaru,ʃenaka,ʃemeː,?,sodaturu,sora,tataku,tatu,tamago,tʃi,koɴmeː,tʃikeː,toQsaɴ,otukisaɴ,tutʃi,kaka,te,dʒi,?,doː,toː,towiː,doko,toʃi,doɴ,doitu,tobu,tori,neː,naka,nageː,?,naku,utu,naguru,nanatu,na,noː,?,?,mi,?,doɴka,nuː,toru,nururu,ne,nedzumi,neru,neru,noboru,nomu,ha,ha,heː,haku,haku,nakaʃiː,hataraku,hana,hana,hane,hane,kakasaɴ,jama,hara,harawata,hari,çi,çidari,çito,çitotu,?,çiraku,çiru,çiriː,Fuku,Fuku,haruru,Futatsu,Furiː,hebi,boː,hokano,subo,hoʃi,hone,horu,hoɴto,magaru,mi,migi,miʃikeː,midzu,?,mitʃi,miQtu,mimi,mimidzu,miru,miɴna,kubiru,muːtu,mune,me,?,motu,jaku,jaːtu,jumjuːmiru,iː,joQtu,joru,rjoːri,waʃi,waʃidoː,waroː,wariː
Kyushu,Miyazaki,awi,ake,akubi,aʃi,biɴta,ɲiɴtona,?,nukuiː,omae,anoʃito,?,abura,ame,ajumu,are,juː,ie,iki-,ikuru,iʃi,?,itsu,itsutsu,inadzuma,iɴ,uje,ujuru,usi,utsu,umi,eda,?,ʃiriQpo,Futi,?,otsuru,utʃi,otoko,oɴte,omuː,oegu,onago,ka,kau,kadzamu,kaku,çiQkakusu,kaje,kadzojuru,kata,?,ereki,kamu,tʃeQpoutʃi,kawa,çiagaru,kiːro,kiku,kisane,?,kiri,kiru,?,kuː,kusa,kekusaruru,kutʃi,kubi,kumo,kobu,kuru,maQkuri,ke,kemuri,kokonotsu,?,kodomu,kore,korosu,ioː,çiQkjabururu,sasu,sami,ʃio,ʃita,bero,keʃinuru,?,ʃirame,ʃiru,maQʃiri,suː,masago,suwaru,ʃenaka,ʃebe,?,sodatsuru,sora,tataku,tatsu,tamago,tʃi,koɴme,tʃike,totojaɴ,gwaQteɴsama,tsuʃi,utʃiɴkakaː,te,dʒe,?,doɴge,to,towi,doko,toʃi,doɴ,doɴʃito,tobu,tori,ne,maɴnaka,nage,?,naku,kurasuru,naguru,nanatsu,na,nawa,?,ni,mi,?,nibiː,nuː,oQtoru,nururu,ɲe,ɲedzumi,ɲemuru,ɲeru,noboru,nomu,ha,ha,fe,haku,haku,nakaʃiː,hataraku,hana,hana,hane,hane,kakajaɴ,jama,hara,harawata,hari,çi,çidari,?,ʃitotsu,?,akuru,çiru,çiri,Fuku,Fuku,mukabaruru,Futatsu,Furi,hebi,boː,hokaɴmoɴ,subo,hoQsama,hone,horu,makotʃi,magaru,mi,migi,miʃike,midzu,?,mitʃi,miQtsu,mimi,mimidzu,miru,miɴna,juː,mutsu,mune,me,?,motsu,jaku,jatsu,jumewomiru,iː,joQtsu,joru,dʒuru,waʃi,waʃitatʃi,warau,wari
Kyushu,Kagoshima,aoka,ake,akuQ,aʃ,dzu,ɲike,?,nuki,omaQsaː,aɴʃi,aɴʃitaQ,abura,ame,ajuɴ,ai,ju,ie,iQ-,igiQ,iʃ,itaN,iQ,itsuQ,inabikai,iɴ,ue,ujuQ,uʃi,uQ,uN,eda,?,ʃiːbo,Fute,?,otsuQ,tonodʒo,otoko,obi,omoː,ojoQ,onago,kaː,koː,kadzuN,kakadʒiQ,kakusŭ,kadze,kaɴdzuQ,kata,kaNtsuQ,kaNnaresaa,kaN,teQpouQ,kaa,çiagaQ,kinairo,kiQ,kiQsanaka,?,kiː,kiQ,?,tamoQ,kusa,nemaQ,kuQ,kuQ,kumo,koQ,kuQ,kure,ke,kemui,kokonoQ,?,kodoɴ,koi,korosŭ,ijo,sakuQ,sasuQ,çijuQ,ʃio,ʃita,ʃita,keʃiN,?,ʃirame,ʃiQ,ʃire,suː,dzuna,suwaQ,senaka,sebe,?,ojasŭ,teN,tataQ,taQ,tamago,tʃiː,kome,tʃike,otoQtsaN,otsuQsama,tsuQ,uQkata,tï,de,?,dogeN,toː,toe,doko,toʃĭ,doN,doNʃi,toQ,toi,ne,naka,nage,?,naQ,uQ,naguQ,nanaQ,namae,nawa,?,ke,niQ,?,nibi,nuː,oQtoQ,nuruQ,ne,nedzuN,nemuQ,neQ,nonoQ,noN,ha,ha,heː,haQ,aguQ,haQkaʃika,hataraQ,hana,hana,hanege,hane,kaka,jama,hara,dzodzowata,hai,çi,çidai,çito,çitoQ,?,akuQ,çiː,çire,FuQ,FuQ,haruQ,FutaQ,Furi,heQ,boː,hoka,hokoi,hoʃĭ,hone,hoQ,makoQ,magaQ,mi,miQ,miçike,miQ,?,miQ,miQtsu,miN,mimidzŭ,miQ,miNna,kibiQ,muQ,mune,me,?,moQ,jaQ,jaQtsu,?,joka,joQtsu,joi,dʒui,atai,ataitaQ,waru,wari
Northern Ryukyu,Naze,oːʃaɴ,haːʃaɴ,akubi,hagi,tsʔïːburu,miːʃaɴ,?,nukuʃaɴ,naɴ,ʔaɴtʃʔu,?,abura,ʔamï,ʔaQkjuɴ,arï,ʔjuɴ,ja,iki,ʔikirjuɴ,isï,?,itsï,itsïtsï,çikjara,iɴ,ʔuï,ʔwïrjuɴ,çiʃiːʃaɴ,ʔutʃuɴ,ʔumi,juda,?,dʒuːbu,daibaɴ,?,ʔutïrjuɴ,utu,iɴga,ʔuɴbuʃaɴ,omojuri,ʔugjuɴ,unagu,gadʒaɴ,kojuɴ,kadzaʃuɴ,kakjuɴ,kaɴgoːjuɴ,kadʒë,jumjuɴ,kata,?,kaɴnari,kamjuɴ,kari,koː,korakjuɴ,k?i?iro,kikjuɴ,janakSïʃaɴ,?,k?iri,kirjuɴ,?,kamjuɴ,kusa,kusarërjuɴ,kutʃi,k?ubi,k?umu,maɴ,kjuɴ,k?uruʃaɴ,kSï,kSïbuʃi,kunutsï,?,warabzï,kurï,kuQtʃuɴ,ʔju,?,saʃuɴ,çiguruʃaɴ,maʃu,ʃa,sïba,sïɲuɴ,?,sïraɴ,sïQtʃuri,sïruʃaɴ,sïːjuɴ,sïna,irjuɴ,kusï,?ibaʃaɴ,?,hodeʃuɴ,tïɴ,?utʃuɴ,tatʃuɴ,k?uga,tsï,tsïbimuɴ,tsïkjaʃaɴ,dʒuː,tsïki,niʃa,tudzï,tiː,naɴtï,?,kjaʃi,tuː,tuːʃaɴ,daː,tuʃi,dïɴ,duɴts?u,udeïQkjuɴ,turi,nëɴ,naː,nagasaɴ,?,nakjuɴ,ʃigurjuɴ,nagjuɴ,nanatsï,naː,naː,?,tʃi,mïː,?,tsïQpo,nojuɴ,nusumjuɴ,nërjuɴ,nïguri,nïːdʒïɴ,nïburjuɴ,nïburjuɴ,noːrjuɴ,numjuɴ,haː,ha,hë,hakjuɴ,hakjuɴ,hatsïkaʃaɴ,hatarakjuɴ,hana,hana,hanë,hanë,?aɴma,jama,wata,nakami,hari,m?atsï,çidʒari,tʃ?u,t?ïːtsï,?,hakjuɴ,çiɴma,çiruʃaɴ,Fukjuɴ,jaFukjuri,harërjuɴ,t?aːtsï,Furuʃaɴ,habu,boː,Fukanu,hoːmë,Fusï,Funï,Furjuɴ,Fuɴnumuɴ,magarjuɴ,kSïɴnari,nigiri,?iQkjaʃaɴ,mïdzï,?,mïtsï,miːtsï,miɴ,mëːdʒa,njuɴ,goQto,makjuɴ,moːtsï,monë,mï,?,mutʃuɴ,jakjuɴ,jaːtsï,?imïnirjuɴ,iQtʃaɴ,juːtsï,juru,dʒuri,waɴ,wakja,warajuri,waruʃaɴ
Northern Ryukyu,Okinawa,oːʃeɴ,akaʃeɴ,akuːbi,çisa,tʃibuːru,miːʃeɴ,?,nukuʃeɴ,naɴ,ʔaɴtʃuː,?,ʔaɴra,ʔamiː,ʔaQkuɴ,ari,ʔjuɴ,jaː,ʔiki-,ʔikiɴ,iʃi,?,itʃi,itʃitʃiː,Furiː,iɴgwaː,ʔui,ʔuijuɴ,ʔusuʃeɴ,ʔuQtuɴ,ʔumi,jura,?,dʒuː,maːgiʃeɴ,?,ʔutïːɴ,utu,ikiːga,ʔuɴbuʃeɴ,ʔumuiɴ,ʔuiguɴ,inaːgu,gadʒaɴ,hoːjuɴ,hadʒasuɴ,hakuɴ,hakusuɴ,hadʒi,jumuɴ,hataː,kuːjuɴ,kaɴnai,hamuɴ,?,haː,haːrakuɴ,kiːru,kikuɴ,hogoʃeɴ,?,kiri,kiːɴ,?,keːɴ,kusaː,kusariɴ,kutʃi,kubi,kumuː,Fabugaʃi,?,kuruʃeɴ,kiː,kibui,kukunutʃiː,?,waraːbi,Furi,kurusuɴ,ʔjuː,?,sasuɴ,çiːʃeɴ,masu,çitʃa,ʃitʃaː,maːsuɴ,?,ʃiraɴ,wakaiɴ,ʃiruʃeɴ,supujuɴ,ʃina,iɴ,nagaːni,?ibaʃeɴ,?,suratiːɴ,tiɴ,tatakuɴ,taQtuɴ,Fuga,tʃiː,Fuːʃeɴ,ʃikjaʃeɴ,dʒiQtʃaː,tiQtʃoː,ɴtʃaː,tudʒi,tiː,neːti,?,tatʃi,tuː,tuːʃeɴ,raː,tuʃiː,nuːnu,tantʃuː,tuQtuɴnuguɴ,tui,neːɴ,naha,nagaʃeɴ,?,nakuɴ,kuruɴ,nagiːɴ,nanatʃiː,naː,naː,?,neː,ʃiʃiː,?,ruɴnaʃeɴ,noːjuɴ,nusumuɴ,ɴriːɴ,niː,?eɴtʃu,niɴbuɴ,niɴbuɴ,nubuiɴ,numuɴ,faː,Faː,heː,?,Fakuɴ,Fadʒikaʃeɴ,Fatarakuɴ,Fanaː,Fana,Fanigeː,Fani,?aɴmaː,jamaː,wataː,watamuɴ,Fai,piː,piːgeː,tʃuː,tiːtʃi,?,?akjuɴ,piru,çiruʃeɴ,Fukuɴ,Fukuɴ,FuQkiɴ,taːtʃi,Furuʃeɴ,Fabu,boː,Fukaːnu,FuQkui,Fuʃiː,Funi,Fuiɴ,Funtoː,magaiɴ,nai,ɴgiːri,?iɴkjaʃeɴ,midʒi,?,mitʃi,miːtʃi,mimiː,mimidʒi,miːɴ,muru,kuɴbuɴ,muːtʃi,niːFara,miː,?,muQtuɴ,jakuɴ,jaːtʃi,?imiːmiɴ,dʒoːtoː,juːtʃi,juruː,waɴraiɴ,waɴ,waQtaː,warajuɴ,waQʃeɴ
Southern Ryukyu,Hirara,oːkaï,akakaï,afukSï,pagZï,kanamaï,miïkaï,?,nufukaï,Qva,kanupiQtu,?,aQva,ami,aïkSï,kai,aï,jaː,ikSï-,ikSïdiïɴnutsïaï,isï,jam,itsï,itsïtsï,mnapSïkaï,iɴ,waːbi,ibiï,usïkaï,vŭQtuɴ,im,juda,?,dzuː,upukaiː,?,utiï,butu,bikidum,ivăkaï,umuː,ujugZï,midum,gadzam,koː,kabzï,kakSï,kaQFusï,kadʒi,jum,katamusï,Fuː,kamtujum,kam,tuïga,kaː,kaːkSï,kSïːru,tsïkSï,sïkata,?,kSïː,kSïsï,?,Foː,Fusa,kusariï,kutsï,nubui,Fumu,kuvŭ,kSïsï,Qfukaï,psïgi,kivŭsï,kukunutsï,?,Qfa,kui,kurusï,ïdzu,sakiï,tsïkSï,psïʃikaï,maːsu,sïta,sïda,sïɴ,?,Qsam,Qsï,Qsukaï,jubzï,mnagu,bzïː,kusï,ʃibakaï,?,sudatiï,tiɴ,vŭtsï,tatsï,tunaka,akatsï,imikaï,tsïkakaiï,ïdza,tsïkiï,mta,tudzï,tiː,ɴ,?,noːʃiː,tuː,kamaːkaï,ɴdza,tusï,ɴdʒi,ɴdʒipsïtu,tubiːpiï,tuï,ɲaːɴ,naka,nagakaï,?,nakSï,miɴgZï,tï,nanatsï,naː,na,?,ɴ,mï,?,nivŭkaï,nuː,nusïm,ɴmiï,niː,jumunu,nivŭ,nivŭ,nuːï,num,paː,paː,karapaï,pakSï,pakSï,padzïkasïkaï,patarakSï,pana,pana,paninupsïgi,pani,aɴna,jama,bata,nakami,piï,umatsï,piïdaï,psïtu,psïtiːtsï,?,purakSï,psïːma,psïsukaï,FukSï,?,Fukuriï,Futaːtsï,Fuïkaï,pau,oːku,puka,mtabuki,pusï,puni,puï,maːɴtiː,magaï,mːta,ɴgZï,marukaï,midzï,?,mtsï,mïːtsï,mim,mimidʒï,miːï,mːna,sïmaï,mːtsï,ɴmivŭtsï,miː,?,mutsï,jakSï,jaːtsï,?,dʒoːtuː,juːtsï,juï,munusïkoːï,baɴ,baɴta,amaiï,baïkaï
Southern Ryukyu,Ikema,aukai,akakai,afudzï,hadʒï,kanamai,miːkai,?,nufukai,Qva,kanusïːtu,?,aQva,ami,aitsï,kai,ai,jaː,itsï-,ikiːɴnuQtʃaai,isï,jam,itsï,itsïtsï,ɴnabikai,iɴ,aːbi,ibiː,Qsukai,utsï,im,juda,?,dʒuː,Fuikai,?,utiː,butu,bikidul,ɴbukai,umuː,uːdzï,midŭɴ,gadʒaɴ,kau,kam,kaFu,kaQFasï,kadi,jum,katamusï,Fuː,kamnai,kam,?,kaː,sari,tsïːru,tʃiːFu,Qʃana,?,tsïː,sïːtsïː,?,Fau,Fusa,QFariː,kutsï,nudu,ɴmu,kuː,Fuː,Qfukai,kiː,kjuːsï,k?unutsï,?,Qfa,kui,kurasï,ïdzu,sakiː,sasï,Qʃikai,maːsu,sïta,t?a,sïɴ,?,Qsam,sïː,Qsukai,juvŭ,mnagu,biː,kuːɴmi,imakai,?,FuiFunasï,tiɴ,t?aFu,tatsï,tunuka,akatsï,imikai,maikai,ïdza,tsïQtʃu,ɴta,tudzï,tiː,ɴ,?,iɴʃiː,tuː,kaːmakai,idʒa,tusï,inu,inusïtu,tunudʒiï,tui,ɲaːɴ,naka,nagakai,?,natsï,Fugaçiː,jai,nanatsï,naː,ɴna,?,ɴ,sïːsï,?,bidʒurukai,nuː,nusïɴ,ɴmiː,niː,jumunu,ɲuː,ɲuː,nuuːriː,num,haː,haː,karapai,tupaFu,haFu,baksïkai,pataratsï,hana,hana,kiː,hani,ɴma,jama,bata,nakami,hai,umatsï,çidai,sïtu,psïtiːtsï,?,FuraFu,çiːma,Fuikai,FukSï,Futsï,Fukuriː,Futaːtsï,jarikai,hau,bau,Fuka,gumi,Fusï,Funi,Fui,maːɴti,magai,mːta,ɴtsï,marukai,midzï,?,ɴtsï,miːtsï,miɴ,dʒïmidʒï,miː,mːna,sïmai,mːtsï,ɴmiutsï,miː,?,mutsï,jaFu,jaːtsï,?,dʒautu,juːtsï,jui,mununiː,baɴ,baɴti,baraiː,baikai
Southern Ryukyu,Irafu,aukal,akakam,afudzï,pagZï,kanamal,mïːkal,?,nufukam,Qva,kanuQpitu,?,aQva,ami,aruFu,kari,aï,jaː,ikSï-,ɴnutsïmutsï,isï,jam,itsï,itsïtsï,mnapSïkal,iɴ,waːbi,ibil,psïsïkal,lː,im,juda,?,dzuː,ukukal,?,util,butu,bikidum,juvăkal,umuː,uːdzï,midum,kadzam,kau,kam,kaFu,KaQFiru,kadʒi,jum,katamusï,Fuː,kamnal,kam,takatul,kaː,kaːratsï,kiːru,tsïtsï,Qʃanagi,?,tsïː,tsïː,?,Fau,Fusa,Fusaril,kutsï,nubui,Fumu,jaːkuvŭ,Fuː,Qfukam,psïgi,kivŭsï,kukunutsï,?,Qfa,kuri,kurusï,ïdzu,biQtʃaFu,tsïFu,psïʃikam,maːsu,sïta,sïta,sïɴ,?,Qsam,sïː,Qsukam,juvŭ,mnagu,bzïː,kuːɴni,ʃibakal,?,tsïkanaiːuːFunasï,tiɴ,tataFu,taFu,tunuka,akatsï,imikal,tsïkakaru,ïdza,tsïQtʃu,mta,tudzï,tiː,ɴ,?,nauʃiː,tuː,tuːkal,idza,tusï,idʒinu,talnupsïtu,budul,tul,ɲaːɴ,naka,nagakal,?,natsï,utsï,teivŭ,nanatsï,naː,tsïna,?,ɴ,sïːsï,?,nivŭkal,nuː,nisïm,ɴmil,niː,jumunu,nivŭ,nivŭ,nuːl,num,paː,paː,karapaï,paQtil,paQtil,padzïkasïkal,pataratsï,pana,pana,psïgi,pani,aɴna,jama,bata,nakami,pal,umatsï,piïdal,psïtu,psïtiːtsï,?,puraFu,psïlːma,psïsukal,FukSï,?,Fukuril,Futaːtsï,jarikal,pavŭ,boː,puka,gumi,pusï,puni,pul,maːɴtiː,magal,mːta,ɴtsï,marukal,midzï,?,mtsï,mïːtsï,mim,dʒïmidʒï,miːl,mːna,sïmal,mːtsï,ɴmivŭtsï,miː,?,mutsï,jaFu,jaːtsï,?,dʒaŭtuː,juːtsï,junai,munusïkuːl,baɴ,baɴti,baraï,balkal
Southern Ryukyu,Tarama,oːʃaːl　,akaʃaːl,aːm,pagZï,kanamal,mïːʃaːl,?,nufuʃaːl,ɴdʒu,kanuQpitu,?,aQva,ami,alkSï,kal,ïː,jaː,ikSï-,ikil,iʃi,jam,itsï,itsïtsï,mnapSïkal,ina,waːbu,uil,piQsaːl,ilː,im,juda,?,dʒuː,upʃaːl,?,util,butu,bikidum,ĭvŭʃaːl,umuː,uigZï,midum,gadʒam,koː,kabzï,kakSï,kaQFasï,kadi,jum,katamusï,FaɴkSï,kamnal,kam,takatul,kaː,kaːrakï,kiːru,kSïkSï,sïputalmunu,?,kSïː,kSïː,?,Fuː,Fuʃa,Fuʃaru,kutsï,Fudʒïbuni,Fumu,kuvu,kSïː,QFuʃaːru,psïgi,kiFusï,kukunutsï,?,Qfa,kul,kurusï,ïdzu,ʃakil,dʒaɴkSï,piːʃaːl,maːʃu,sïta,sïta,sïɴ,?,Qsam,sïː,Qsuʃaːl,jubzï,mnagu,bzïːl,kusïbuni,ʃibaʃaːl,?,ʃudatiru,tiɴ,sïtugZï,tatsï,kuga,akatsï,imiʃsaːl,umagama,ïdza,tsïkSï,mta,tudzï,tiː,ɴ,?,nauʃiː,tuː,kadaːʃaːl,ɴda,tusï,ɴdënu,ɴdinupsïtu,budul,tul,neːɴ,naka,nagaʃaːl,?,nakSï,badʒaːl,jal,nanatsï,naː,ɴna,?,ɴ,sïːsï,?,niFuʃaːl,nuː,nusïmu,ɴmil,nivul,weːda,ninil,ninil,nuːl,num,paː,paː,karapaï,numdasï,pakSï,duːguriʃaːl,patarakSï,pana,pana,psïgi,pani,ɴma,jama,bata,nakami,pal,umutsï,piïdaːl,psïtu,psïtiːtsï,?,psïrakSï,psïːma,psïsuʃaːl,FukSï,?,Fukuril,Futaːtsï,gabaʃaːl,poː,boː,puka,gomi,pusï,puni,pul,maːɴti,magal,nal,mïːgZï,maQraːl,midzï,?,mtsï,mïːtsï,mim,miːmidʒï,miːl,mːna,musïbï,mːtsï,mni,miː,?,mutsï,jakSï,jaːtsï,?,dʒauʃaːl,juːtsï,junagatu,mununiː,baɴ,aɴta,baruː,dami
Southern Ryukyu,Taketomi,aoːɴ,agaːɴ,nubi,paɴ,suburu,miːsaɴ,?,nuQsaɴ,waː,kanupusu,?,aba,ami,arakuɴ,kari,adzuɴ,jaː,iki-,ʔikiruɴ,iʃi,?,itʃi,itʃitʃi,puturu,iɴ,ui,ibiruɴ,pisaɴ,iruɴ,sunaka,juda,?,dzuː,maijaɴ,?,utiruɴ,butu,bikidumu,guQFaɴ,umuːɴ,uːɴ,midumu,gadzaɴ,kauɴ,kabuɴ,gadzuɴ,kakusuɴ,kadʒi,jumuɴ,kata,?,kaɴnaːru,kamuɴ,?,kaː,kaːrakuɴ,kiːru,sïkuɴ,janijaɴ,?,kiru,kisuɴ,?,QFuɴ,Qsa,Qsaruɴ,Futʃi,nubi,Fumu,kumu,kuːɴ,Qfoːɴ,kiː,kiboːʃi,kukunutʃi,?,jarabi,kuri,kurasuɴ,idzu,?,piQkuɴ,piːjaɴ,maːsu,Qsaːra,ʃita,maːrasuɴ,?,Qsaɴ,Qʃeːɴ,Qsoːɴ,suːɴ,inoɴ,biruɴ,kuʃinaka,ʃibaːɴ,?,sudatiruɴ,tiɴ,tataQkuɴ,tatuɴ,koːma,ʃiː,gumaːɴ,ʃikaːɴ,aːja,ʃiki,dʒiː,tudʒi,tiː,na,?,nuːʃi,tuː,tuːwaɴ,maː,tuʃi,nuːnu,taQtaː,tubuɴ,tul,naːnu,naka,naːɴ,?,nakuɴ,ʃitunauɴ,naɴguɴ,nanatʃi,naː,na,?,naː,ʃiːʃi,?,duɴnaɴ,nuːɴ,nusumuɴ,dzoQFuɴ,niː,ujadza,nibuɴ,nibuɴ,nuːruɴ,numuɴ,paː,paː,pai,pakuɴ,pakuɴ,hakajaɴ,patarakuɴ,pana,pana,pani,pani,abu,jama,bata,bata,paru,piː,pidari,pusu,piːtʃi,?,puraQkuɴ,pusuma,pidzoːɴ,Fukuɴ,Fukuɴ,Fukuruɴ,Futaːtʃi,Qfumuɴ,pabu,bau,Fukanu,Fukui,puʃi,puni,puruɴ,Funtoː,magaruɴ,naru,niːri,iʃikaːɴ,midʒi,?,mitʃi,miːtʃi,miɴ,miːmadʒi,miruɴ,muːru,musubuɴ,muːtʃi,ɴːni,miː,?,mutuɴ,jakuɴ,jaːtʃi,?imimiruɴ,misaɴ,juːtʃi,juːru,usai,baɴ,baɴtaː,barauɴ,waQsaɴ
Southern Ryukyu,Ishigaki,ausaːɴ,akasaːɴ,akubi,haɴ,tsïːburï,miːʃaɴ,aQtsaɴ,nuFusaɴ,?,?,?,aba,aːmi,araguɴ,?,aɴkuɴ,jaː,ʔiki-,nutsïmuiɴ,ʔiʃi,jamuɴ,ʔitsï,ʔitsïQtsï,puturï,iɴ,ui,ʔibiruɴ,psïʃĭsaːɴ,ʔutsuɴ,tumoːrï,juda,?,dzuː,maiʃaːɴ,nuguriʃanaruɴ,ʔutiruɴ,budu,bigiduɴ,ɴbusaɴ,ʔumuiɴ,ʔumuɴ,miduɴ,gadzaɴ,kauɴ,kabuɴ,kakuɴ,kadzameː,kadʒi,saɴmiɴsïː,kata,kamuɴ,kaɴnariː,kamuɴ,umudzaturï,kaː,kaːraguɴ,kSïɴkSïɴ,sïkuɴ,janiQʃaːɴ,?,kSïrï,kisïɴ,?,hoːɴ,Fusa,Fusariɴ,Futʃi,nubi,kumu,Fumu,kSïːɴ,FuFuːsaɴ,kiː,kifuː,kukunutsï,?,Faː,?,kurasuɴ,ʔidʒï,?,Qsï,piːʃaɴ,maːsu,ʃita,sïta,maːrasuɴ,?,Qsaɴ,ʃiɴ,sïsïsaːɴ,suːɴ,inoː,biruɴ,kusu,?ibasaːɴ,?,Fudubasuɴ,tiɴ,tataguɴ,tatsuɴ,tunaga,tsïː,gumasaːɴ,tsïkasaːɴ,aja,tsïkSï,ɴta,tudzï,tiː,ɴga,tu,?,tuː,tuːsaːɴ,?,tusï,noː,?,majaːruɴ,turï,nu,naka,naːsaːɴ,?,nakuɴ,sïtaguɴ,naɴgiruɴ,nanatsï,naː,tsïna,?,gadu,niku,?,nuduːsaɴ,noːɴ,nusumuɴ,dzoQFiɴ,niː,?ujaɴtʃu,nibuɴ,nibuɴ,nuburuɴ,numuɴ,paː,haː,hai,hakuɴ,agiruɴ,baQkaiʃaɴ,pataraguɴ,pana,pana,kiː,pani,aQpa,matsïjama,bada,bada,parï,psïː,psïdarï,psïtu,psïtiːdzï,?,puragZï,psïroːma,maiʃaːɴ,?,jaːnupsïsa,Fukuriruɴ,Futaːdzï,Furusaːɴ,habu,boː,Fuka,Fukui,pusï,Funi,purï,Funtoː,magaruɴ,narï,neːra,iɴtsïkasaːɴ,midzï,?,mïtsï,miːtsï,miɴ,mimidʒï,miruɴ,muːru,musubï,ɴːtsï,ɴni,miː,?,mutsïɴ,jakuɴ,jaːtsï,imi,dʒoːtoː,juːtsï,juːrï,hoːmuɴ,?,?,baːroː,warusaɴ
Southern Ryukyu,Hateruma,ohaɴmi,agahaɴ,uːbzï,paɴ,amasukuru,meːsahaɴ,atsahaɴ,noːsahaɴ,?,?,?,aba,ami,aruguɴ,?,enuɴ,çiː,ʔïsï-,iguɴ,ʔiʃi,jamuɴ,ʔitsï,ʔiQsï,putʃiri,inu,ʔui,ʔibiru,psïʃahaɴ,ʔutsuɴ,ina,juda,?,busupu,busahaɴ,gohaɴnaruɴ,ʔutʃiruɴ,budu,bidumu,sïtagiʃihaɴ,muɴ,ʔuɴ,midumu,gaɴdzaɴ,koːɴ,kabuɴ,hakuɴ,hakoːsuɴ,kadʒi,jumuɴ,kata,kamisïkuɴ,kaɴnaːrï,kamuɴ,?,kaː,karuguɴ,kSïɴkSïʃahaɴ,sïkuɴ,jaɴʃihaɴ,?,kSïsï,Qsuɴ,?,hoɴ,Futsa,Futsariruɴ,Futsï,mansïɴ,Fumoɴ,sïFuku,kuɴ,Fuːhahaɴ,kiː,kipusïː,hakonutsï,?,ʔutama,?,kurasuɴ,juː,?,satsuɴ,piʃahaɴ,maːsu,sïtarï,sïta,maːrasuɴ,?,saːɴ,bagaruɴ,Qsoːʃahaɴ,Qsuɴ,iʃoɴ,bzïruɴ,iʃinaga,sïpahan,?,sïnatsïruɴ,dʒiɴ,kurasuɴ,tatsïɴ,këː,dzïː,?iʃsagahan,sïkahaɴ,?ija,sïkëɴ,ɴta,tuɴ,sïː,ʃi,tu,?,tuː,tuːsahaɴ,?,tusï,nuːjabaɴ,?,buɴtsuɴ,turï,nu,naga,naːhaɴ,?,naːguɴ,kurasuɴ,naɴgiruɴ,nanatsï,naɴ,sïnaː,?,naga,niku,?,niFuQtsahaɴ,nuːɴ,nusïmuɴ,doQfariruɴ,niɴ,?ujaɴtʃu,nuQFuɴ,nuQFuɴ,nuburuɴ,numuɴ,paː,Futsïnupaɴ,pëː,pakuɴ,muduʃiɴ,pasïkahaɴ,pataraguɴ,pana,pana,kiː,pani,abuwă,jama,bata,bata,parï,psï,psïnarï,psïtu,psïtsïtsï,?,puraguɴ,psïsuː,psïsuhaɴ,?,çiːnuui,Fukuraɴ,Futaːtsï,?,paku,agu,Fuka,Fukudzï,putsï,puni,puruɴ,Funtoː,maːruɴ,mëː,nerï,marohaɴ,midzï,?,mïtsï,mïːtsï,miʃukurumiɴ,mimidʒï,miruɴ,muːruɴ,musïpuɴ,ɴːtsï,nitsï,miɴ,?,mutsuɴ,jaguɴ,jaːtsï,imi,miʃahaɴ,juːtsï,juru,munu,?,?,baːruɴ,waQsahaɴ
Southern Ryukyu,Yonaguni,dirumidiru,agaɴtai,agu,sanda,ɴg?usa,atarasaɴ,atsaɴ,nukusaɴ,?,?,?,aɴda,ami,aiguɴ,?,ɴduɴ,da,ʔiti-,ʔiguɴ,itʃi,damuɴ,ʔitʃi,ʔitʃitʃi,Futi,inu,ʔijabi,biruɴ,çitsaɴ,ʔutuɴ,ʔunuaga,juda,?,duɴpani,maisa,niguragunaruɴ,ʔutiruɴ,butu,biɴga,ʔiɴsaɴ,ʔumuɴ,ʔuguɴ,minuŋa,kadaɴku,kuɴ,kabuɴ,kaguɴ,kami,kadi,dumi,kaja,puitsuɴ,kaɴnari,kamuɴ,?,ka,karaguɴ,kirui,k?uɴ,dinaɴ,?,tʃiri,tsuɴ,?,Fuɴ,tsa,tsariruɴ,t?i,nubi,ɴmu,kubu,kuɴ,Furu,ki,kibuɴtʃi,kugunutʃi,?,agami,?,kuruɴ,iu,?,tsami,çisaɴ,maʃi,t?ara,t?a,maisuɴ,?,tsaɴ,ʔatiʔaɴ,tsudari,?,tʃinaɴ,ɴturuɴ,kutʃ?ibuni,ʃibaɴ,?,kanuɴ,tiɴ,?ut?uɴ,tat?uɴ,kaiŋu,tʃi,gumatati,t?aɴ,?ija,ubuta,dinaga,tuɴ,ti,?,t?u,?,tu,tuɴ,?,tutʃi,nuɴ,?,tubuɴ,hatu,nuɴ,naga,nasaɴ,?,naguɴ,?ut?uɴ,naŋi,nanatʃi,na,ɴna,?,?,niku,?,?,nuɴ,nutʃimuɴ,ɴgaruɴ,ni,ujaɴtu,niɴduɴ,niɴduɴ,nuruɴ,numuɴ,ha,ha,çiguɴ,haguɴ,haguɴ,d?uhaɴkanu,hatarati,hana,hanaburu,ki,pani,abuta,jama,bata,bata,hai,tʃ?i,ɴdai,t?u,tutʃi,?,agiruɴ,?,maisaɴ,?,danutʃ?iɴ,kuriruɴ,tatʃi,Furumunu,tugara,su,Fuga,k?uɴ,Futʃi,Funi,Fui,mamuni,gaɴmai,nai,migi,maraɴ,miɴ,?,amiti,mitʃi,miɴtaFu,timimi,ɴnuɴ,muru,ɴmaɴki,mutʃi,tʃimumuti,mi,?,mutuɴ,daguɴ,datʃi,imi,ɴsaɴ,dutʃi,duru,ɲarumunu,?,?,baruɴ,barasaɴ
,Old Japanese,awoʃi,akaʃi,?,aʃi,kaʃira,ataraʃi,atuʃi,atatakeʃi,na,?anuQtʃu,kare-,abura,amë,ajume,kare,iFu,ie,ikiduku,iku,iʃi,itamu,itu,itu,inabikari,inu,uhe,uu,usuʃi,utsu,umi,eda,eraFu,wo,öFö-,ösöru,ötu,wo,wo,omoʃi,ömöFu,öjögu,me,ka,kaFu,kagu,kaku,kakusu,kadze,kadzoFu,kata,kamu,narukami,kamu,karu,kaha,kawaku,ki,kiku,kitanaʃi,kimo,kïri,kiru,toʃi,kuFu,kusa,kusaru,kuti,kubi,kumo,kumo,ku,kuroʃi,kë,keburi,kokono,i,waraha,köre,körösu,uwo,saku,tuku,samuʃi,ʃihö,ʃita,ʃita,ʃinu,?,ʃirami,ʃiru,ʃiroʃi,suhu,isago,wiru,se,sebaʃi,tʃi,?,sora,utsu,tatu,ko,ti,tiçisaʃi,tikaʃi,titi,tukï,tuti,tuma,të,te,tö,ikani,to,töhöʃi,iduku,töʃi,nani,ta,töbu,töri,nu,naka,nagaʃi,nagaru,naku,utu,nagu,nana,na,tuna,nare,ni,ʃiʃi,hata,nibuʃi,nuFu,nusumu,nuru,ne,nedzumi,inu,köjaru,noboru,nömu,ha,ha,haçi,haku,haku,hadzukaʃi,?,hana,hana,hane,hane,haha,hajaʃi,wata,wata,hari,çï,çidari,çitö,çitö,ho,çiraku,çiru,çiröʃi,Fuku,Fuku,haru,Futa,Furuʃi,hëmi,sawo,ataʃi,tiri,höʃi,höne,horu,masaʃi,magaru,mï,migi,midʒikaʃi,midu,umi,miti,mi,mimi,?,miru,mïna,musubu,mu,mune,më,moʃi,mötu,moju,ja,ime,jöʃi,jö,jo,iru,ware,ware,wataFu,aʃi
,Middle Japanese,awoʃi,akaʃi,akubi,aʃi,atama,ataraʃi,atsuʃi,atatakaʃi,anata,anoçito,karera,abura,ame,ajumu,are,iFu,ihe,iki-,iku,iʃi,itamu,itsu,itsu,inabikari,inu,uhe,uu,usuʃi,utsu,umi,eda,erabu,wo,oFo,osoru,otʃiiru,wotsuto,wo,omoʃi,omoFu,ojogu,me,ka,kaFu,kagu,kaku,kakusu,kadze,kadzoFu,kata,kamitsuku,kaminari,kamu,kari,kaha,kawaku,ki,kiku,kitanaʃi,kimo,kiri,kiru,?,kuFu,kusa,kusaru,kutʃi,kubi,kumo,kumo,ku,kuroʃi,ke,kemuri,kokonotsu,?,kodomo,kore,korosu,iwo,saku,sasu,samuʃi,ʃiho,ʃita,ʃita,ʃinu,ʃiboru,ʃirami,ʃiru,ʃiro,suçiː,suna,swaru,senaka,semaʃi,tʃi,sodateː,sora,tataku,tatsu,tamago,tʃi,tʃiçisaʃi,tʃikaʃi,tʃitʃi,tsuki,tsuʃi,tsuma,te,de,to,dou,?,tohoʃi,doko,toʃi,dono,donoçito,tobu,tori,nu,naka,nagai,nagare,naku,utsu,nagu,nanatsu,na,wo,naɴdʒi,ni,niku,hata,nibuʃi,nuFu,nusumu,nure,ne,nedzumi,neburu,nu,noboru,nomu,ha,ha,haçi,haku,haku,hadʒigahaʃi,hataraku,hana,hana,hane,hane,haha,hajaʃi,hara,harawata,hari,çi,çidari,çito,çitotsu,çaku,çiraku,çiru,çiroʃi,Fuku,Fuku,Fukuragu,Futatsu,Furuʃi,hebi,bau,hoka,hokori,hoʃi,hone,horu,makoto,magaru,mi,migi,midʒikaʃi,midzu,midzuumi,mitʃi,mitsu,mimi,mimidzu,miru,miɴna,musubu,mutsu,mune,me,moʃi,motsu,jaku,jatsu,jumemiru,joʃi,jotsu,joru,iru,ware,wareware,waraFu,waruʃi
